Time (s),x-body [wc] (m),y-body [wc] (m),z-body [wc] (m),x-rot-body [wc] (rad),y-rot-body [wc] (rad),z-rot-body [wc] (rad),x-vel-body [bc] (m/s), y-vel-body [bc] (m/s), z-vel-body [bc] (m/s),x-rotvel-body [bc] (rad/s), y-rotvel-body [bc] (rad/s), z-rotvel-body [bc] (rad/s),x-acc-body [bc] (m/s^2), y-acc-body [bc] (m/s^2), z-acc-body [bc] (m/s^2),x-rotacc-body [bc] (rad/s^2), y-rotacc-body [bc] (rad/s^2), z-rotacc-body [bc] (rad/s^2),x-jerk-body [bc] (m/s^3), y-jerk-body [bc] (m/s^3), z-jerk-body [bc] (m/s^3),x-rotjerk-body [bc] (rad/s^3), y-rotjerk-body [bc] (rad/s^3), z-rotjerk-body [bc] (rad/s^3),number of modules (-),x-module-0 [bc] (m), y-module-0 [bc] (m), z-module-0 [bc] (m),x-rot-module-0 [bc] (rad), y-rot-module-0 [bc] (rad), z-rot-module-0 [bc] (rad),x-vel-module-0 [mc] (m/s), y-vel-module-0 [mc] (m/s), z-vel-module-0 [mc] (m/s),x-rotvel-module-0 [bc] (rad/s), y-rotvel-module-0 [bc] (rad/s), z-rotvel-module-0 [bc] (rad/s),x-acc-module-0 [mc] (m/s^2), y-acc-module-0 [mc] (m/s^2), z-acc-module-0 [mc] (m/s^2),x-rotacc-module-0 [bc] (rad/s^2), y-rotacc-module-0 [bc] (rad/s^2), z-rotacc-module-0 [bc] (rad/s^2),x-jerk-module-0 [mc] (m/s^3), y-jerk-module-0 [mc] (m/s^3), z-jerk-module-0 [mc] (m/s^3),x-rotjerk-module-0 [bc] (rad/s^3), y-rotjerk-module-0 [bc] (rad/s^3), z-rotjerk-module-0 [bc] (rad/s^3),x-module-1 [bc] (m), y-module-1 [bc] (m), z-module-1 [bc] (m),x-rot-module-1 [bc] (rad), y-rot-module-1 [bc] (rad), z-rot-module-1 [bc] (rad),x-vel-module-1 [mc] (m/s), y-vel-module-1 [mc] (m/s), z-vel-module-1 [mc] (m/s),x-rotvel-module-1 [bc] (rad/s), y-rotvel-module-1 [bc] (rad/s), z-rotvel-module-1 [bc] (rad/s),x-acc-module-1 [mc] (m/s^2), y-acc-module-1 [mc] (m/s^2), z-acc-module-1 [mc] (m/s^2),x-rotacc-module-1 [bc] (rad/s^2), y-rotacc-module-1 [bc] (rad/s^2), z-rotacc-module-1 [bc] (rad/s^2),x-jerk-module-1 [mc] (m/s^3), y-jerk-module-1 [mc] (m/s^3), z-jerk-module-1 [mc] (m/s^3),x-rotjerk-module-1 [bc] (rad/s^3), y-rotjerk-module-1 [bc] (rad/s^3), z-rotjerk-module-1 [bc] (rad/s^3),x-module-2 [bc] (m), y-module-2 [bc] (m), z-module-2 [bc] (m),x-rot-module-2 [bc] (rad), y-rot-module-2 [bc] (rad), z-rot-module-2 [bc] (rad),x-vel-module-2 [mc] (m/s), y-vel-module-2 [mc] (m/s), z-vel-module-2 [mc] (m/s),x-rotvel-module-2 [bc] (rad/s), y-rotvel-module-2 [bc] (rad/s), z-rotvel-module-2 [bc] (rad/s),x-acc-module-2 [mc] (m/s^2), y-acc-module-2 [mc] (m/s^2), z-acc-module-2 [mc] (m/s^2),x-rotacc-module-2 [bc] (rad/s^2), y-rotacc-module-2 [bc] (rad/s^2), z-rotacc-module-2 [bc] (rad/s^2),x-jerk-module-2 [mc] (m/s^3), y-jerk-module-2 [mc] (m/s^3), z-jerk-module-2 [mc] (m/s^3),x-rotjerk-module-2 [bc] (rad/s^3), y-rotjerk-module-2 [bc] (rad/s^3), z-rotjerk-module-2 [bc] (rad/s^3),x-module-3 [bc] (m), y-module-3 [bc] (m), z-module-3 [bc] (m),x-rot-module-3 [bc] (rad), y-rot-module-3 [bc] (rad), z-rot-module-3 [bc] (rad),x-vel-module-3 [mc] (m/s), y-vel-module-3 [mc] (m/s), z-vel-module-3 [mc] (m/s),x-rotvel-module-3 [bc] (rad/s), y-rotvel-module-3 [bc] (rad/s), z-rotvel-module-3 [bc] (rad/s),x-acc-module-3 [mc] (m/s^2), y-acc-module-3 [mc] (m/s^2), z-acc-module-3 [mc] (m/s^2),x-rotacc-module-3 [bc] (rad/s^2), y-rotacc-module-3 [bc] (rad/s^2), z-rotacc-module-3 [bc] (rad/s^2),x-jerk-module-3 [mc] (m/s^3), y-jerk-module-3 [mc] (m/s^3), z-jerk-module-3 [mc] (m/s^3),x-rotjerk-module-3 [bc] (rad/s^3), y-rotjerk-module-3 [bc] (rad/s^3), z-rotjerk-module-3 [bc] (rad/s^3),
0.01,5e-05,1.2143064331837653e-25,0.0,0.0,0.0,2.4286128663675303e-21,0.01,0.0,0.0,0.0,0.0,4.85722573273506e-19,0.0,0.0,0.0,0.0,0.0,0.0,0.0,0.0,0.0,0.0,0.0,0.0,4,0.5,0.5,0.0,0.0,0.0,0.0,0.01,0.0,0.0,0.0,0.0,0.0,1.0,0.0,0.0,0.0,0.0,0.0,0.0,0.0,0.0,0.0,0.0,0.0,-0.5,0.5,0.0,0.0,0.0,0.0,0.01,0.0,0.0,0.0,0.0,0.0,1.0,0.0,0.0,0.0,0.0,0.0,0.0,0.0,0.0,0.0,0.0,0.0,-0.5,-0.5,0.0,0.0,0.0,0.0,0.01,0.0,0.0,0.0,0.0,0.0,1.0,0.0,0.0,0.0,0.0,0.0,0.0,0.0,0.0,0.0,0.0,0.0,0.5,-0.5,0.0,0.0,0.0,0.0,0.01,0.0,0.0,0.0,0.0,0.0,1.0,0.0,0.0,0.0,0.0,0.0,0.0,0.0,0.0,0.0,0.0,0.0,
0.02,0.00019999999999999998,1.5785983631388944e-24,0.0,0.0,0.0,9.714451465470121e-21,0.02,0.0,0.0,0.0,0.0,9.71445146547012e-19,0.0,0.0,0.0,0.0,0.0,0.0,0.0,0.0,0.0,0.0,0.0,0.0,4,0.5,0.5,0.0,0.0,0.0,0.0,0.02,0.0,0.0,0.0,0.0,0.0,1.0,0.0,0.0,0.0,0.0,0.0,0.0,0.0,0.0,0.0,0.0,0.0,-0.5,0.5,0.0,0.0,0.0,0.0,0.02,0.0,0.0,0.0,0.0,0.0,1.0,0.0,0.0,0.0,0.0,0.0,0.0,0.0,0.0,0.0,0.0,0.0,-0.5,-0.5,0.0,0.0,0.0,0.0,0.02,0.0,0.0,0.0,0.0,0.0,1.0,0.0,0.0,0.0,0.0,0.0,0.0,0.0,0.0,0.0,0.0,0.0,0.5,-0.5,0.0,0.0,0.0,0.0,0.02,0.0,0.0,0.0,0.0,0.0,1.0,0.0,0.0,0.0,0.0,0.0,0.0,0.0,0.0,0.0,0.0,0.0,
0.03,0.00045,7.042977312465837e-24,0.0,0.0,0.0,2.185751579730777e-20,0.03,0.0,0.0,0.0,0.0,1.4571677198205177e-18,0.0,0.0,0.0,0.0,0.0,0.0,0.0,0.0,0.0,0.0,0.0,0.0,4,0.5,0.5,0.0,0.0,0.0,0.0,0.03,0.0,0.0,0.0,0.0,0.0,1.0,0.0,0.0,0.0,0.0,0.0,0.0,0.0,0.0,0.0,0.0,0.0,-0.5,0.5,0.0,0.0,0.0,0.0,0.03,0.0,0.0,0.0,0.0,0.0,1.0,0.0,0.0,0.0,0.0,0.0,0.0,0.0,0.0,0.0,0.0,0.0,-0.5,-0.5,0.0,0.0,0.0,0.0,0.03,0.0,0.0,0.0,0.0,0.0,1.0,0.0,0.0,0.0,0.0,0.0,0.0,0.0,0.0,0.0,0.0,0.0,0.5,-0.5,0.0,0.0,0.0,0.0,0.03,0.0,0.0,0.0,0.0,0.0,1.0,0.0,0.0,0.0,0.0,0.0,0.0,0.0,0.0,0.0,0.0,0.0,
0.04,0.0008,2.0643209364124007e-23,0.0,0.0,0.0,3.885780586188048e-20,0.04,0.0,0.0,0.0,0.0,1.942890293094024e-18,0.0,0.0,0.0,0.0,0.0,0.0,0.0,0.0,0.0,0.0,0.0,0.0,4,0.5,0.5,0.0,0.0,0.0,0.0,0.04,0.0,0.0,0.0,0.0,0.0,1.0,0.0,0.0,0.0,0.0,0.0,0.0,0.0,0.0,0.0,0.0,0.0,-0.5,0.5,0.0,0.0,0.0,0.0,0.04,0.0,0.0,0.0,0.0,0.0,1.0,0.0,0.0,0.0,0.0,0.0,0.0,0.0,0.0,0.0,0.0,0.0,-0.5,-0.5,0.0,0.0,0.0,0.0,0.04,0.0,0.0,0.0,0.0,0.0,1.0,0.0,0.0,0.0,0.0,0.0,0.0,0.0,0.0,0.0,0.0,0.0,0.5,-0.5,0.0,0.0,0.0,0.0,0.04,0.0,0.0,0.0,0.0,0.0,1.0,0.0,0.0,0.0,0.0,0.0,0.0,0.0,0.0,0.0,0.0,0.0,
0.05,0.00125,5.1868231931706535e-23,0.0,0.0,0.0,6.938893903907229e-20,0.05,0.0,0.0,0.0,0.0,4.163336342344338e-18,0.0,0.0,0.0,0.0,0.0,0.0,0.0,0.0,0.0,0.0,0.0,0.0,4,0.5,0.5,0.0,0.0,0.0,0.0,0.05,0.0,0.0,0.0,0.0,0.0,1.0,0.0,0.0,0.0,0.0,0.0,0.0,0.0,0.0,0.0,0.0,0.0,-0.5,0.5,0.0,0.0,0.0,0.0,0.05,0.0,0.0,0.0,0.0,0.0,1.0,0.0,0.0,0.0,0.0,0.0,0.0,0.0,0.0,0.0,0.0,0.0,-0.5,-0.5,0.0,0.0,0.0,0.0,0.05,0.0,0.0,0.0,0.0,0.0,1.0,0.0,0.0,0.0,0.0,0.0,0.0,0.0,0.0,0.0,0.0,0.0,0.5,-0.5,0.0,0.0,0.0,0.0,0.05,0.0,0.0,0.0,0.0,0.0,1.0,0.0,0.0,0.0,0.0,0.0,0.0,0.0,0.0,0.0,0.0,0.0,
0.060000000000000005,0.0018,1.0949574580365607e-22,0.0,0.0,0.0,1.0477729794899916e-19,0.060000000000000005,0.0,0.0,0.0,0.0,2.9143354396410374e-18,0.0,0.0,0.0,0.0,0.0,0.0,0.0,0.0,0.0,0.0,0.0,0.0,4,0.5,0.5,0.0,0.0,0.0,0.0,0.060000000000000005,0.0,0.0,0.0,0.0,0.0,1.0,0.0,0.0,0.0,0.0,0.0,0.0,0.0,0.0,0.0,0.0,0.0,-0.5,0.5,0.0,0.0,0.0,0.0,0.060000000000000005,0.0,0.0,0.0,0.0,0.0,1.0,0.0,0.0,0.0,0.0,0.0,0.0,0.0,0.0,0.0,0.0,0.0,-0.5,-0.5,0.0,0.0,0.0,0.0,0.060000000000000005,0.0,0.0,0.0,0.0,0.0,1.0,0.0,0.0,0.0,0.0,0.0,0.0,0.0,0.0,0.0,0.0,0.0,0.5,-0.5,0.0,0.0,0.0,0.0,0.060000000000000005,0.0,0.0,0.0,0.0,0.0,1.0,0.0,0.0,0.0,0.0,0.0,0.0,0.0,0.0,0.0,0.0,0.0,
0.07,0.00245,1.9248491689438655e-22,0.0,0.0,0.0,1.2767564783189302e-19,0.07,0.0,0.0,0.0,0.0,1.6653345369377363e-18,0.0,0.0,0.0,0.0,0.0,0.0,0.0,0.0,0.0,0.0,0.0,0.0,4,0.5,0.5,0.0,0.0,0.0,0.0,0.07,0.0,0.0,0.0,0.0,0.0,1.0,0.0,0.0,0.0,0.0,0.0,0.0,0.0,0.0,0.0,0.0,0.0,-0.5,0.5,0.0,0.0,0.0,0.0,0.07,0.0,0.0,0.0,0.0,0.0,1.0,0.0,0.0,0.0,0.0,0.0,0.0,0.0,0.0,0.0,0.0,0.0,-0.5,-0.5,0.0,0.0,0.0,0.0,0.07,0.0,0.0,0.0,0.0,0.0,1.0,0.0,0.0,0.0,0.0,0.0,0.0,0.0,0.0,0.0,0.0,0.0,0.5,-0.5,0.0,0.0,0.0,0.0,0.07,0.0,0.0,0.0,0.0,0.0,1.0,0.0,0.0,0.0,0.0,0.0,0.0,0.0,0.0,0.0,0.0,0.0,
0.08,0.0032,3.0905833448002803e-22,0.0,0.0,0.0,1.5543122344752194e-19,0.08,0.0,0.0,0.0,0.0,3.885780586188048e-18,0.0,0.0,0.0,0.0,0.0,0.0,0.0,0.0,0.0,0.0,0.0,0.0,4,0.5,0.5,0.0,0.0,0.0,0.0,0.08,0.0,0.0,0.0,0.0,0.0,1.0,0.0,0.0,0.0,0.0,0.0,0.0,0.0,0.0,0.0,0.0,0.0,-0.5,0.5,0.0,0.0,0.0,0.0,0.08,0.0,0.0,0.0,0.0,0.0,1.0,0.0,0.0,0.0,0.0,0.0,0.0,0.0,0.0,0.0,0.0,0.0,-0.5,-0.5,0.0,0.0,0.0,0.0,0.08,0.0,0.0,0.0,0.0,0.0,1.0,0.0,0.0,0.0,0.0,0.0,0.0,0.0,0.0,0.0,0.0,0.0,0.5,-0.5,0.0,0.0,0.0,0.0,0.08,0.0,0.0,0.0,0.0,0.0,1.0,0.0,0.0,0.0,0.0,0.0,0.0,0.0,0.0,0.0,0.0,0.0,
0.09,0.00405,4.836409051023339e-22,0.0,0.0,0.0,2.0539125955565397e-19,0.09,0.0,0.0,0.0,0.0,6.10622663543836e-18,0.0,0.0,0.0,0.0,0.0,0.0,0.0,0.0,0.0,0.0,0.0,0.0,4,0.5,0.5,0.0,0.0,0.0,0.0,0.09,0.0,0.0,0.0,0.0,0.0,1.0,0.0,0.0,0.0,0.0,0.0,0.0,0.0,0.0,0.0,0.0,0.0,-0.5,0.5,0.0,0.0,0.0,0.0,0.09,0.0,0.0,0.0,0.0,0.0,1.0,0.0,0.0,0.0,0.0,0.0,0.0,0.0,0.0,0.0,0.0,0.0,-0.5,-0.5,0.0,0.0,0.0,0.0,0.09,0.0,0.0,0.0,0.0,0.0,1.0,0.0,0.0,0.0,0.0,0.0,0.0,0.0,0.0,0.0,0.0,0.0,0.5,-0.5,0.0,0.0,0.0,0.0,0.09,0.0,0.0,0.0,0.0,0.0,1.0,0.0,0.0,0.0,0.0,0.0,0.0,0.0,0.0,0.0,0.0,0.0,
0.09999999999999999,0.005,7.473188734508086e-22,0.0,0.0,0.0,2.7755575615628914e-19,0.09999999999999999,0.0,0.0,0.0,0.0,8.326672684688672e-18,0.0,0.0,0.0,0.0,0.0,0.0,0.0,0.0,0.0,0.0,0.0,0.0,4,0.5,0.5,0.0,0.0,0.0,0.0,0.09999999999999999,0.0,0.0,0.0,0.0,0.0,1.0,0.0,0.0,0.0,0.0,0.0,0.0,0.0,0.0,0.0,0.0,0.0,-0.5,0.5,0.0,0.0,0.0,0.0,0.09999999999999999,0.0,0.0,0.0,0.0,0.0,1.0,0.0,0.0,0.0,0.0,0.0,0.0,0.0,0.0,0.0,0.0,0.0,-0.5,-0.5,0.0,0.0,0.0,0.0,0.09999999999999999,0.0,0.0,0.0,0.0,0.0,1.0,0.0,0.0,0.0,0.0,0.0,0.0,0.0,0.0,0.0,0.0,0.0,0.5,-0.5,0.0,0.0,0.0,0.0,0.09999999999999999,0.0,0.0,0.0,0.0,0.0,1.0,0.0,0.0,0.0,0.0,0.0,0.0,0.0,0.0,0.0,0.0,0.0,
0.10999999999999999,0.00605,1.1014106293671943e-21,0.0,0.0,0.0,3.372302437298913e-19,0.10999999999999999,0.0,0.0,0.0,0.0,3.608224830031756e-18,0.0,0.0,0.0,0.0,0.0,0.0,0.0,0.0,0.0,0.0,0.0,0.0,4,0.5,0.5,0.0,0.0,0.0,0.0,0.10999999999999999,0.0,0.0,0.0,0.0,0.0,1.0,0.0,0.0,0.0,0.0,0.0,0.0,0.0,0.0,0.0,0.0,0.0,-0.5,0.5,0.0,0.0,0.0,0.0,0.10999999999999999,0.0,0.0,0.0,0.0,0.0,1.0,0.0,0.0,0.0,0.0,0.0,0.0,0.0,0.0,0.0,0.0,0.0,-0.5,-0.5,0.0,0.0,0.0,0.0,0.10999999999999999,0.0,0.0,0.0,0.0,0.0,1.0,0.0,0.0,0.0,0.0,0.0,0.0,0.0,0.0,0.0,0.0,0.0,0.5,-0.5,0.0,0.0,0.0,0.0,0.10999999999999999,0.0,0.0,0.0,0.0,0.0,1.0,0.0,0.0,0.0,0.0,0.0,0.0,0.0,0.0,0.0,0.0,0.0,
0.11999999999999998,0.0072,1.5434875599851236e-21,0.0,0.0,0.0,3.844147222764604e-19,0.11999999999999998,0.0,0.0,0.0,0.0,5.828670879282067e-18,0.0,0.0,0.0,0.0,0.0,0.0,0.0,0.0,0.0,0.0,0.0,0.0,4,0.5,0.5,0.0,0.0,0.0,0.0,0.11999999999999998,0.0,0.0,0.0,0.0,0.0,1.0,0.0,0.0,0.0,0.0,0.0,0.0,0.0,0.0,0.0,0.0,0.0,-0.5,0.5,0.0,0.0,0.0,0.0,0.11999999999999998,0.0,0.0,0.0,0.0,0.0,1.0,0.0,0.0,0.0,0.0,0.0,0.0,0.0,0.0,0.0,0.0,0.0,-0.5,-0.5,0.0,0.0,0.0,0.0,0.11999999999999998,0.0,0.0,0.0,0.0,0.0,1.0,0.0,0.0,0.0,0.0,0.0,0.0,0.0,0.0,0.0,0.0,0.0,0.5,-0.5,0.0,0.0,0.0,0.0,0.11999999999999998,0.0,0.0,0.0,0.0,0.0,1.0,0.0,0.0,0.0,0.0,0.0,0.0,0.0,0.0,0.0,0.0,0.0,
0.12999999999999998,0.00845,2.067374049730119e-21,0.0,0.0,0.0,4.1910919179599647e-19,0.12999999999999998,0.0,0.0,0.0,0.0,1.1102230246251514e-18,0.0,0.0,0.0,0.0,0.0,0.0,0.0,0.0,0.0,0.0,0.0,0.0,4,0.5,0.5,0.0,0.0,0.0,0.0,0.12999999999999998,0.0,0.0,0.0,0.0,0.0,1.0,0.0,0.0,0.0,0.0,0.0,0.0,0.0,0.0,0.0,0.0,0.0,-0.5,0.5,0.0,0.0,0.0,0.0,0.12999999999999998,0.0,0.0,0.0,0.0,0.0,1.0,0.0,0.0,0.0,0.0,0.0,0.0,0.0,0.0,0.0,0.0,0.0,-0.5,-0.5,0.0,0.0,0.0,0.0,0.12999999999999998,0.0,0.0,0.0,0.0,0.0,1.0,0.0,0.0,0.0,0.0,0.0,0.0,0.0,0.0,0.0,0.0,0.0,0.5,-0.5,0.0,0.0,0.0,0.0,0.12999999999999998,0.0,0.0,0.0,0.0,0.0,1.0,0.0,0.0,0.0,0.0,0.0,0.0,0.0,0.0,0.0,0.0,0.0,
0.13999999999999999,0.0098,2.663147480319593e-21,0.0,0.0,0.0,4.413136522884996e-19,0.13999999999999999,0.0,0.0,0.0,0.0,3.3306690738754664e-18,0.0,0.0,0.0,0.0,0.0,0.0,0.0,0.0,0.0,0.0,0.0,0.0,4,0.5,0.5,0.0,0.0,0.0,0.0,0.13999999999999999,0.0,0.0,0.0,0.0,0.0,1.0,0.0,0.0,0.0,0.0,0.0,0.0,0.0,0.0,0.0,0.0,0.0,-0.5,0.5,0.0,0.0,0.0,0.0,0.13999999999999999,0.0,0.0,0.0,0.0,0.0,1.0,0.0,0.0,0.0,0.0,0.0,0.0,0.0,0.0,0.0,0.0,0.0,-0.5,-0.5,0.0,0.0,0.0,0.0,0.13999999999999999,0.0,0.0,0.0,0.0,0.0,1.0,0.0,0.0,0.0,0.0,0.0,0.0,0.0,0.0,0.0,0.0,0.0,0.5,-0.5,0.0,0.0,0.0,0.0,0.13999999999999999,0.0,0.0,0.0,0.0,0.0,1.0,0.0,0.0,0.0,0.0,0.0,0.0,0.0,0.0,0.0,0.0,0.0,
0.15,0.01125,3.3674452115661767e-21,0.0,0.0,0.0,4.857225732735058e-19,0.15,0.0,0.0,0.0,0.0,5.5511151231257815e-18,0.0,0.0,0.0,0.0,0.0,0.0,0.0,0.0,0.0,0.0,0.0,0.0,4,0.5,0.5,0.0,0.0,0.0,0.0,0.15,0.0,0.0,0.0,0.0,0.0,1.0,0.0,0.0,0.0,0.0,0.0,0.0,0.0,0.0,0.0,0.0,0.0,-0.5,0.5,0.0,0.0,0.0,0.0,0.15,0.0,0.0,0.0,0.0,0.0,1.0,0.0,0.0,0.0,0.0,0.0,0.0,0.0,0.0,0.0,0.0,0.0,-0.5,-0.5,0.0,0.0,0.0,0.0,0.15,0.0,0.0,0.0,0.0,0.0,1.0,0.0,0.0,0.0,0.0,0.0,0.0,0.0,0.0,0.0,0.0,0.0,0.5,-0.5,0.0,0.0,0.0,0.0,0.15,0.0,0.0,0.0,0.0,0.0,1.0,0.0,0.0,0.0,0.0,0.0,0.0,0.0,0.0,0.0,0.0,0.0,
0.16,0.012799999999999999,4.22356594143025e-21,0.0,0.0,0.0,5.523359547510152e-19,0.16,0.0,0.0,0.0,0.0,7.771561172376097e-18,0.0,0.0,0.0,0.0,0.0,0.0,0.0,0.0,0.0,0.0,0.0,0.0,4,0.5,0.5,0.0,0.0,0.0,0.0,0.16,0.0,0.0,0.0,0.0,0.0,1.0,0.0,0.0,0.0,0.0,0.0,0.0,0.0,0.0,0.0,0.0,0.0,-0.5,0.5,0.0,0.0,0.0,0.0,0.16,0.0,0.0,0.0,0.0,0.0,1.0,0.0,0.0,0.0,0.0,0.0,0.0,0.0,0.0,0.0,0.0,0.0,-0.5,-0.5,0.0,0.0,0.0,0.0,0.16,0.0,0.0,0.0,0.0,0.0,1.0,0.0,0.0,0.0,0.0,0.0,0.0,0.0,0.0,0.0,0.0,0.0,0.5,-0.5,0.0,0.0,0.0,0.0,0.16,0.0,0.0,0.0,0.0,0.0,1.0,0.0,0.0,0.0,0.0,0.0,0.0,0.0,0.0,0.0,0.0,0.0,
0.17,0.01445,5.281469706019946e-21,0.0,0.0,0.0,6.411537967210278e-19,0.17,0.0,0.0,0.0,0.0,9.99200722162641e-18,0.0,0.0,0.0,0.0,0.0,0.0,0.0,0.0,0.0,0.0,0.0,0.0,4,0.5,0.5,0.0,0.0,0.0,0.0,0.17,0.0,0.0,0.0,0.0,0.0,1.0,0.0,0.0,0.0,0.0,0.0,0.0,0.0,0.0,0.0,0.0,0.0,-0.5,0.5,0.0,0.0,0.0,0.0,0.17,0.0,0.0,0.0,0.0,0.0,1.0,0.0,0.0,0.0,0.0,0.0,0.0,0.0,0.0,0.0,0.0,0.0,-0.5,-0.5,0.0,0.0,0.0,0.0,0.17,0.0,0.0,0.0,0.0,0.0,1.0,0.0,0.0,0.0,0.0,0.0,0.0,0.0,0.0,0.0,0.0,0.0,0.5,-0.5,0.0,0.0,0.0,0.0,0.17,0.0,0.0,0.0,0.0,0.0,1.0,0.0,0.0,0.0,0.0,0.0,0.0,0.0,0.0,0.0,0.0,0.0,
0.18000000000000002,0.0162,6.5977778795911475e-21,0.0,0.0,0.0,7.521760991835434e-19,0.18000000000000002,0.0,0.0,0.0,0.0,1.2212453270876725e-17,0.0,0.0,0.0,0.0,0.0,0.0,0.0,0.0,0.0,0.0,0.0,0.0,4,0.5,0.5,0.0,0.0,0.0,0.0,0.18000000000000002,0.0,0.0,0.0,0.0,0.0,1.0,0.0,0.0,0.0,0.0,0.0,0.0,0.0,0.0,0.0,0.0,0.0,-0.5,0.5,0.0,0.0,0.0,0.0,0.18000000000000002,0.0,0.0,0.0,0.0,0.0,1.0,0.0,0.0,0.0,0.0,0.0,0.0,0.0,0.0,0.0,0.0,0.0,-0.5,-0.5,0.0,0.0,0.0,0.0,0.18000000000000002,0.0,0.0,0.0,0.0,0.0,1.0,0.0,0.0,0.0,0.0,0.0,0.0,0.0,0.0,0.0,0.0,0.0,0.5,-0.5,0.0,0.0,0.0,0.0,0.18000000000000002,0.0,0.0,0.0,0.0,0.0,1.0,0.0,0.0,0.0,0.0,0.0,0.0,0.0,0.0,0.0,0.0,0.0,
0.19000000000000003,0.01805,8.235773174547488e-21,0.0,0.0,0.0,8.854028621385623e-19,0.19000000000000003,0.0,0.0,0.0,0.0,1.4432899320127042e-17,0.0,0.0,0.0,0.0,0.0,0.0,0.0,0.0,0.0,0.0,0.0,0.0,4,0.5,0.5,0.0,0.0,0.0,0.0,0.19000000000000003,0.0,0.0,0.0,0.0,0.0,1.0,0.0,0.0,0.0,0.0,0.0,0.0,0.0,0.0,0.0,0.0,0.0,-0.5,0.5,0.0,0.0,0.0,0.0,0.19000000000000003,0.0,0.0,0.0,0.0,0.0,1.0,0.0,0.0,0.0,0.0,0.0,0.0,0.0,0.0,0.0,0.0,0.0,-0.5,-0.5,0.0,0.0,0.0,0.0,0.19000000000000003,0.0,0.0,0.0,0.0,0.0,1.0,0.0,0.0,0.0,0.0,0.0,0.0,0.0,0.0,0.0,0.0,0.0,0.5,-0.5,0.0,0.0,0.0,0.0,0.19000000000000003,0.0,0.0,0.0,0.0,0.0,1.0,0.0,0.0,0.0,0.0,0.0,0.0,0.0,0.0,0.0,0.0,0.0,
0.20000000000000004,0.02,1.0265399641440353e-20,0.0,0.0,0.0,1.0408340855860842e-18,0.20000000000000004,0.0,0.0,0.0,0.0,1.6653345369377357e-17,0.0,0.0,0.0,0.0,0.0,0.0,0.0,0.0,0.0,0.0,0.0,0.0,4,0.5,0.5,0.0,0.0,0.0,0.0,0.20000000000000004,0.0,0.0,0.0,0.0,0.0,1.0,0.0,0.0,0.0,0.0,0.0,0.0,0.0,0.0,0.0,0.0,0.0,-0.5,0.5,0.0,0.0,0.0,0.0,0.20000000000000004,0.0,0.0,0.0,0.0,0.0,1.0,0.0,0.0,0.0,0.0,0.0,0.0,0.0,0.0,0.0,0.0,0.0,-0.5,-0.5,0.0,0.0,0.0,0.0,0.20000000000000004,0.0,0.0,0.0,0.0,0.0,1.0,0.0,0.0,0.0,0.0,0.0,0.0,0.0,0.0,0.0,0.0,0.0,0.5,-0.5,0.0,0.0,0.0,0.0,0.20000000000000004,0.0,0.0,0.0,0.0,0.0,1.0,0.0,0.0,0.0,0.0,0.0,0.0,0.0,0.0,0.0,0.0,0.0,
0.21000000000000005,0.02205,1.2621015343938779e-20,0.0,0.0,0.0,1.149080830487037e-18,0.21000000000000005,0.0,0.0,0.0,0.0,4.9960036108132135e-18,0.0,0.0,0.0,0.0,0.0,0.0,0.0,0.0,0.0,0.0,0.0,0.0,4,0.5,0.5,0.0,0.0,0.0,0.0,0.21000000000000005,0.0,0.0,0.0,0.0,0.0,1.0,0.0,0.0,0.0,0.0,0.0,0.0,0.0,0.0,0.0,0.0,0.0,-0.5,0.5,0.0,0.0,0.0,0.0,0.21000000000000005,0.0,0.0,0.0,0.0,0.0,1.0,0.0,0.0,0.0,0.0,0.0,0.0,0.0,0.0,0.0,0.0,0.0,-0.5,-0.5,0.0,0.0,0.0,0.0,0.21000000000000005,0.0,0.0,0.0,0.0,0.0,1.0,0.0,0.0,0.0,0.0,0.0,0.0,0.0,0.0,0.0,0.0,0.0,0.5,-0.5,0.0,0.0,0.0,0.0,0.21000000000000005,0.0,0.0,0.0,0.0,0.0,1.0,0.0,0.0,0.0,0.0,0.0,0.0,0.0,0.0,0.0,0.0,0.0,
0.22000000000000006,0.0242,1.5222823002147833e-20,0.0,0.0,0.0,1.2101430968414206e-18,0.22000000000000006,0.0,0.0,0.0,0.0,7.216449660063529e-18,0.0,0.0,0.0,0.0,0.0,0.0,0.0,0.0,0.0,0.0,0.0,0.0,4,0.5,0.5,0.0,0.0,0.0,0.0,0.22000000000000006,0.0,0.0,0.0,0.0,0.0,1.0,0.0,0.0,0.0,0.0,0.0,0.0,0.0,0.0,0.0,0.0,0.0,-0.5,0.5,0.0,0.0,0.0,0.0,0.22000000000000006,0.0,0.0,0.0,0.0,0.0,1.0,0.0,0.0,0.0,0.0,0.0,0.0,0.0,0.0,0.0,0.0,0.0,-0.5,-0.5,0.0,0.0,0.0,0.0,0.22000000000000006,0.0,0.0,0.0,0.0,0.0,1.0,0.0,0.0,0.0,0.0,0.0,0.0,0.0,0.0,0.0,0.0,0.0,0.5,-0.5,0.0,0.0,0.0,0.0,0.22000000000000006,0.0,0.0,0.0,0.0,0.0,1.0,0.0,0.0,0.0,0.0,0.0,0.0,0.0,0.0,0.0,0.0,0.0,
0.23000000000000007,0.02645,1.8132995105446527e-20,0.0,0.0,0.0,1.2934098236883074e-18,0.23000000000000007,0.0,0.0,0.0,0.0,9.436895709313844e-18,0.0,0.0,0.0,0.0,0.0,0.0,0.0,0.0,0.0,0.0,0.0,0.0,4,0.5,0.5,0.0,0.0,0.0,0.0,0.23000000000000007,0.0,0.0,0.0,0.0,0.0,1.0,0.0,0.0,0.0,0.0,0.0,0.0,0.0,0.0,0.0,0.0,0.0,-0.5,0.5,0.0,0.0,0.0,0.0,0.23000000000000007,0.0,0.0,0.0,0.0,0.0,1.0,0.0,0.0,0.0,0.0,0.0,0.0,0.0,0.0,0.0,0.0,0.0,-0.5,-0.5,0.0,0.0,0.0,0.0,0.23000000000000007,0.0,0.0,0.0,0.0,0.0,1.0,0.0,0.0,0.0,0.0,0.0,0.0,0.0,0.0,0.0,0.0,0.0,0.5,-0.5,0.0,0.0,0.0,0.0,0.23000000000000007,0.0,0.0,0.0,0.0,0.0,1.0,0.0,0.0,0.0,0.0,0.0,0.0,0.0,0.0,0.0,0.0,0.0,
0.24000000000000007,0.028800000000000003,2.1420365481361616e-20,0.0,0.0,0.0,1.3988810110276974e-18,0.24000000000000007,0.0,0.0,0.0,0.0,1.1657341758564159e-17,0.0,0.0,0.0,0.0,0.0,0.0,0.0,0.0,0.0,0.0,0.0,0.0,4,0.5,0.5,0.0,0.0,0.0,0.0,0.24000000000000007,0.0,0.0,0.0,0.0,0.0,1.0,0.0,0.0,0.0,0.0,0.0,0.0,0.0,0.0,0.0,0.0,0.0,-0.5,0.5,0.0,0.0,0.0,0.0,0.24000000000000007,0.0,0.0,0.0,0.0,0.0,1.0,0.0,0.0,0.0,0.0,0.0,0.0,0.0,0.0,0.0,0.0,0.0,-0.5,-0.5,0.0,0.0,0.0,0.0,0.24000000000000007,0.0,0.0,0.0,0.0,0.0,1.0,0.0,0.0,0.0,0.0,0.0,0.0,0.0,0.0,0.0,0.0,0.0,0.5,-0.5,0.0,0.0,0.0,0.0,0.24000000000000007,0.0,0.0,0.0,0.0,0.0,1.0,0.0,0.0,0.0,0.0,0.0,0.0,0.0,0.0,0.0,0.0,0.0,
0.25000000000000006,0.03125,2.5160429295567615e-20,0.0,0.0,0.0,1.5265566588595906e-18,0.25000000000000006,0.0,0.0,0.0,0.0,1.387778780781447e-17,0.0,0.0,0.0,0.0,0.0,0.0,0.0,0.0,0.0,0.0,0.0,0.0,4,0.5,0.5,0.0,0.0,0.0,0.0,0.25000000000000006,0.0,0.0,0.0,0.0,0.0,1.0,0.0,0.0,0.0,0.0,0.0,0.0,0.0,0.0,0.0,0.0,0.0,-0.5,0.5,0.0,0.0,0.0,0.0,0.25000000000000006,0.0,0.0,0.0,0.0,0.0,1.0,0.0,0.0,0.0,0.0,0.0,0.0,0.0,0.0,0.0,0.0,0.0,-0.5,-0.5,0.0,0.0,0.0,0.0,0.25000000000000006,0.0,0.0,0.0,0.0,0.0,1.0,0.0,0.0,0.0,0.0,0.0,0.0,0.0,0.0,0.0,0.0,0.0,0.5,-0.5,0.0,0.0,0.0,0.0,0.25000000000000006,0.0,0.0,0.0,0.0,0.0,1.0,0.0,0.0,0.0,0.0,0.0,0.0,0.0,0.0,0.0,0.0,0.0,
0.26000000000000006,0.033800000000000004,2.925840125733715e-20,0.0,0.0,0.0,1.6070478281449147e-18,0.26000000000000006,0.0,0.0,0.0,0.0,2.2204460492503274e-18,0.0,0.0,0.0,0.0,0.0,0.0,0.0,0.0,0.0,0.0,0.0,0.0,4,0.5,0.5,0.0,0.0,0.0,0.0,0.26000000000000006,0.0,0.0,0.0,0.0,0.0,1.0,0.0,0.0,0.0,0.0,0.0,0.0,0.0,0.0,0.0,0.0,0.0,-0.5,0.5,0.0,0.0,0.0,0.0,0.26000000000000006,0.0,0.0,0.0,0.0,0.0,1.0,0.0,0.0,0.0,0.0,0.0,0.0,0.0,0.0,0.0,0.0,0.0,-0.5,-0.5,0.0,0.0,0.0,0.0,0.26000000000000006,0.0,0.0,0.0,0.0,0.0,1.0,0.0,0.0,0.0,0.0,0.0,0.0,0.0,0.0,0.0,0.0,0.0,0.5,-0.5,0.0,0.0,0.0,0.0,0.26000000000000006,0.0,0.0,0.0,0.0,0.0,1.0,0.0,0.0,0.0,0.0,0.0,0.0,0.0,0.0,0.0,0.0,0.0,
0.2700000000000001,0.03645,3.3605340732378874e-20,0.0,0.0,0.0,1.6403545188836696e-18,0.2700000000000001,0.0,0.0,0.0,0.0,4.4408920985006424e-18,0.0,0.0,0.0,0.0,0.0,0.0,0.0,0.0,0.0,0.0,0.0,0.0,4,0.5,0.5,0.0,0.0,0.0,0.0,0.2700000000000001,0.0,0.0,0.0,0.0,0.0,1.0,0.0,0.0,0.0,0.0,0.0,0.0,0.0,0.0,0.0,0.0,0.0,-0.5,0.5,0.0,0.0,0.0,0.0,0.2700000000000001,0.0,0.0,0.0,0.0,0.0,1.0,0.0,0.0,0.0,0.0,0.0,0.0,0.0,0.0,0.0,0.0,0.0,-0.5,-0.5,0.0,0.0,0.0,0.0,0.2700000000000001,0.0,0.0,0.0,0.0,0.0,1.0,0.0,0.0,0.0,0.0,0.0,0.0,0.0,0.0,0.0,0.0,0.0,0.5,-0.5,0.0,0.0,0.0,0.0,0.2700000000000001,0.0,0.0,0.0,0.0,0.0,1.0,0.0,0.0,0.0,0.0,0.0,0.0,0.0,0.0,0.0,0.0,0.0,
0.2800000000000001,0.039200000000000006,3.8268971325194923e-20,0.0,0.0,0.0,1.6958656701149276e-18,0.2800000000000001,0.0,0.0,0.0,0.0,6.6613381477509575e-18,0.0,0.0,0.0,0.0,0.0,0.0,0.0,0.0,0.0,0.0,0.0,0.0,4,0.5,0.5,0.0,0.0,0.0,0.0,0.2800000000000001,0.0,0.0,0.0,0.0,0.0,1.0,0.0,0.0,0.0,0.0,0.0,0.0,0.0,0.0,0.0,0.0,0.0,-0.5,0.5,0.0,0.0,0.0,0.0,0.2800000000000001,0.0,0.0,0.0,0.0,0.0,1.0,0.0,0.0,0.0,0.0,0.0,0.0,0.0,0.0,0.0,0.0,0.0,-0.5,-0.5,0.0,0.0,0.0,0.0,0.2800000000000001,0.0,0.0,0.0,0.0,0.0,1.0,0.0,0.0,0.0,0.0,0.0,0.0,0.0,0.0,0.0,0.0,0.0,0.5,-0.5,0.0,0.0,0.0,0.0,0.2800000000000001,0.0,0.0,0.0,0.0,0.0,1.0,0.0,0.0,0.0,0.0,0.0,0.0,0.0,0.0,0.0,0.0,0.0,
0.2900000000000001,0.042050000000000004,4.3323677978435184e-20,0.0,0.0,0.0,1.7735812818386887e-18,0.2900000000000001,0.0,0.0,0.0,0.0,8.881784197001273e-18,0.0,0.0,0.0,0.0,0.0,0.0,0.0,0.0,0.0,0.0,0.0,0.0,4,0.5,0.5,0.0,0.0,0.0,0.0,0.2900000000000001,0.0,0.0,0.0,0.0,0.0,1.0,0.0,0.0,0.0,0.0,0.0,0.0,0.0,0.0,0.0,0.0,0.0,-0.5,0.5,0.0,0.0,0.0,0.0,0.2900000000000001,0.0,0.0,0.0,0.0,0.0,1.0,0.0,0.0,0.0,0.0,0.0,0.0,0.0,0.0,0.0,0.0,0.0,-0.5,-0.5,0.0,0.0,0.0,0.0,0.2900000000000001,0.0,0.0,0.0,0.0,0.0,1.0,0.0,0.0,0.0,0.0,0.0,0.0,0.0,0.0,0.0,0.0,0.0,0.5,-0.5,0.0,0.0,0.0,0.0,0.2900000000000001,0.0,0.0,0.0,0.0,0.0,1.0,0.0,0.0,0.0,0.0,0.0,0.0,0.0,0.0,0.0,0.0,0.0,
0.3000000000000001,0.045000000000000005,4.88505069728973e-20,0.0,0.0,0.0,1.873501354054953e-18,0.3000000000000001,0.0,0.0,0.0,0.0,1.1102230246251588e-17,0.0,0.0,0.0,0.0,0.0,0.0,0.0,0.0,0.0,0.0,0.0,0.0,4,0.5,0.5,0.0,0.0,0.0,0.0,0.3000000000000001,0.0,0.0,0.0,0.0,0.0,1.0,0.0,0.0,0.0,0.0,0.0,0.0,0.0,0.0,0.0,0.0,0.0,-0.5,0.5,0.0,0.0,0.0,0.0,0.3000000000000001,0.0,0.0,0.0,0.0,0.0,1.0,0.0,0.0,0.0,0.0,0.0,0.0,0.0,0.0,0.0,0.0,0.0,-0.5,-0.5,0.0,0.0,0.0,0.0,0.3000000000000001,0.0,0.0,0.0,0.0,0.0,1.0,0.0,0.0,0.0,0.0,0.0,0.0,0.0,0.0,0.0,0.0,0.0,0.5,-0.5,0.0,0.0,0.0,0.0,0.3000000000000001,0.0,0.0,0.0,0.0,0.0,1.0,0.0,0.0,0.0,0.0,0.0,0.0,0.0,0.0,0.0,0.0,0.0,
0.3100000000000001,0.04805000000000001,5.493716592752665e-20,0.0,0.0,0.0,1.99562588676372e-18,0.3100000000000001,0.0,0.0,0.0,0.0,1.3322676295501903e-17,0.0,0.0,0.0,0.0,0.0,0.0,0.0,0.0,0.0,0.0,0.0,0.0,4,0.5,0.5,0.0,0.0,0.0,0.0,0.3100000000000001,0.0,0.0,0.0,0.0,0.0,1.0,0.0,0.0,0.0,0.0,0.0,0.0,0.0,0.0,0.0,0.0,0.0,-0.5,0.5,0.0,0.0,0.0,0.0,0.3100000000000001,0.0,0.0,0.0,0.0,0.0,1.0,0.0,0.0,0.0,0.0,0.0,0.0,0.0,0.0,0.0,0.0,0.0,-0.5,-0.5,0.0,0.0,0.0,0.0,0.3100000000000001,0.0,0.0,0.0,0.0,0.0,1.0,0.0,0.0,0.0,0.0,0.0,0.0,0.0,0.0,0.0,0.0,0.0,0.5,-0.5,0.0,0.0,0.0,0.0,0.3100000000000001,0.0,0.0,0.0,0.0,0.0,1.0,0.0,0.0,0.0,0.0,0.0,0.0,0.0,0.0,0.0,0.0,0.0,
0.3200000000000001,0.05120000000000001,6.167802379941637e-20,0.0,0.0,0.0,2.139954879964991e-18,0.3200000000000001,0.0,0.0,0.0,0.0,1.5543122344752218e-17,0.0,0.0,0.0,0.0,0.0,0.0,0.0,0.0,0.0,0.0,0.0,0.0,4,0.5,0.5,0.0,0.0,0.0,0.0,0.3200000000000001,0.0,0.0,0.0,0.0,0.0,1.0,0.0,0.0,0.0,0.0,0.0,0.0,0.0,0.0,0.0,0.0,0.0,-0.5,0.5,0.0,0.0,0.0,0.0,0.3200000000000001,0.0,0.0,0.0,0.0,0.0,1.0,0.0,0.0,0.0,0.0,0.0,0.0,0.0,0.0,0.0,0.0,0.0,-0.5,-0.5,0.0,0.0,0.0,0.0,0.3200000000000001,0.0,0.0,0.0,0.0,0.0,1.0,0.0,0.0,0.0,0.0,0.0,0.0,0.0,0.0,0.0,0.0,0.0,0.5,-0.5,0.0,0.0,0.0,0.0,0.3200000000000001,0.0,0.0,0.0,0.0,0.0,1.0,0.0,0.0,0.0,0.0,0.0,0.0,0.0,0.0,0.0,0.0,0.0,
0.3300000000000001,0.05445000000000001,6.917411088380735e-20,0.0,0.0,0.0,2.3064883336587645e-18,0.3300000000000001,0.0,0.0,0.0,0.0,1.7763568394002533e-17,0.0,0.0,0.0,0.0,0.0,0.0,0.0,0.0,0.0,0.0,0.0,0.0,4,0.5,0.5,0.0,0.0,0.0,0.0,0.3300000000000001,0.0,0.0,0.0,0.0,0.0,1.0,0.0,0.0,0.0,0.0,0.0,0.0,0.0,0.0,0.0,0.0,0.0,-0.5,0.5,0.0,0.0,0.0,0.0,0.3300000000000001,0.0,0.0,0.0,0.0,0.0,1.0,0.0,0.0,0.0,0.0,0.0,0.0,0.0,0.0,0.0,0.0,0.0,-0.5,-0.5,0.0,0.0,0.0,0.0,0.3300000000000001,0.0,0.0,0.0,0.0,0.0,1.0,0.0,0.0,0.0,0.0,0.0,0.0,0.0,0.0,0.0,0.0,0.0,0.5,-0.5,0.0,0.0,0.0,0.0,0.3300000000000001,0.0,0.0,0.0,0.0,0.0,1.0,0.0,0.0,0.0,0.0,0.0,0.0,0.0,0.0,0.0,0.0,0.0,
0.34000000000000014,0.05780000000000001,7.753311881408825e-20,0.0,0.0,0.0,2.4952262478450415e-18,0.34000000000000014,0.0,0.0,0.0,0.0,1.998401444325285e-17,0.0,0.0,0.0,0.0,0.0,0.0,0.0,0.0,0.0,0.0,0.0,0.0,4,0.5,0.5,0.0,0.0,0.0,0.0,0.34000000000000014,0.0,0.0,0.0,0.0,0.0,1.0,0.0,0.0,0.0,0.0,0.0,0.0,0.0,0.0,0.0,0.0,0.0,-0.5,0.5,0.0,0.0,0.0,0.0,0.34000000000000014,0.0,0.0,0.0,0.0,0.0,1.0,0.0,0.0,0.0,0.0,0.0,0.0,0.0,0.0,0.0,0.0,0.0,-0.5,-0.5,0.0,0.0,0.0,0.0,0.34000000000000014,0.0,0.0,0.0,0.0,0.0,1.0,0.0,0.0,0.0,0.0,0.0,0.0,0.0,0.0,0.0,0.0,0.0,0.5,-0.5,0.0,0.0,0.0,0.0,0.34000000000000014,0.0,0.0,0.0,0.0,0.0,1.0,0.0,0.0,0.0,0.0,0.0,0.0,0.0,0.0,0.0,0.0,0.0,
0.35000000000000014,0.06125000000000001,8.686940056179543e-20,0.0,0.0,0.0,2.7061686225238215e-18,0.35000000000000014,0.0,0.0,0.0,0.0,2.2204460492503166e-17,0.0,0.0,0.0,0.0,0.0,0.0,0.0,0.0,0.0,0.0,0.0,0.0,4,0.5,0.5,0.0,0.0,0.0,0.0,0.35000000000000014,0.0,0.0,0.0,0.0,0.0,1.0,0.0,0.0,0.0,0.0,0.0,0.0,0.0,0.0,0.0,0.0,0.0,-0.5,0.5,0.0,0.0,0.0,0.0,0.35000000000000014,0.0,0.0,0.0,0.0,0.0,1.0,0.0,0.0,0.0,0.0,0.0,0.0,0.0,0.0,0.0,0.0,0.0,-0.5,-0.5,0.0,0.0,0.0,0.0,0.35000000000000014,0.0,0.0,0.0,0.0,0.0,1.0,0.0,0.0,0.0,0.0,0.0,0.0,0.0,0.0,0.0,0.0,0.0,0.5,-0.5,0.0,0.0,0.0,0.0,0.35000000000000014,0.0,0.0,0.0,0.0,0.0,1.0,0.0,0.0,0.0,0.0,0.0,0.0,0.0,0.0,0.0,0.0,0.0,
0.36000000000000015,0.06480000000000001,9.730397043661305e-20,0.0,0.0,0.0,2.939315457695105e-18,0.36000000000000015,0.0,0.0,0.0,0.0,2.442490654175348e-17,0.0,0.0,0.0,0.0,0.0,0.0,0.0,0.0,0.0,0.0,0.0,0.0,4,0.5,0.5,0.0,0.0,0.0,0.0,0.36000000000000015,0.0,0.0,0.0,0.0,0.0,1.0,0.0,0.0,0.0,0.0,0.0,0.0,0.0,0.0,0.0,0.0,0.0,-0.5,0.5,0.0,0.0,0.0,0.0,0.36000000000000015,0.0,0.0,0.0,0.0,0.0,1.0,0.0,0.0,0.0,0.0,0.0,0.0,0.0,0.0,0.0,0.0,0.0,-0.5,-0.5,0.0,0.0,0.0,0.0,0.36000000000000015,0.0,0.0,0.0,0.0,0.0,1.0,0.0,0.0,0.0,0.0,0.0,0.0,0.0,0.0,0.0,0.0,0.0,0.5,-0.5,0.0,0.0,0.0,0.0,0.36000000000000015,0.0,0.0,0.0,0.0,0.0,1.0,0.0,0.0,0.0,0.0,0.0,0.0,0.0,0.0,0.0,0.0,0.0,
0.37000000000000016,0.06845000000000001,1.0896450408637302e-19,0.0,0.0,0.0,3.1946667533588912e-18,0.37000000000000016,0.0,0.0,0.0,0.0,2.6645352591003796e-17,0.0,0.0,0.0,0.0,0.0,0.0,0.0,0.0,0.0,0.0,0.0,0.0,4,0.5,0.5,0.0,0.0,0.0,0.0,0.37000000000000016,0.0,0.0,0.0,0.0,0.0,1.0,0.0,0.0,0.0,0.0,0.0,0.0,0.0,0.0,0.0,0.0,0.0,-0.5,0.5,0.0,0.0,0.0,0.0,0.37000000000000016,0.0,0.0,0.0,0.0,0.0,1.0,0.0,0.0,0.0,0.0,0.0,0.0,0.0,0.0,0.0,0.0,0.0,-0.5,-0.5,0.0,0.0,0.0,0.0,0.37000000000000016,0.0,0.0,0.0,0.0,0.0,1.0,0.0,0.0,0.0,0.0,0.0,0.0,0.0,0.0,0.0,0.0,0.0,0.5,-0.5,0.0,0.0,0.0,0.0,0.37000000000000016,0.0,0.0,0.0,0.0,0.0,1.0,0.0,0.0,0.0,0.0,0.0,0.0,0.0,0.0,0.0,0.0,0.0,
0.38000000000000017,0.07220000000000001,1.2198533849705495e-19,0.0,0.0,0.0,3.472222509515181e-18,0.38000000000000017,0.0,0.0,0.0,0.0,2.886579864025411e-17,0.0,0.0,0.0,0.0,0.0,0.0,0.0,0.0,0.0,0.0,0.0,0.0,4,0.5,0.5,0.0,0.0,0.0,0.0,0.38000000000000017,0.0,0.0,0.0,0.0,0.0,1.0,0.0,0.0,0.0,0.0,0.0,0.0,0.0,0.0,0.0,0.0,0.0,-0.5,0.5,0.0,0.0,0.0,0.0,0.38000000000000017,0.0,0.0,0.0,0.0,0.0,1.0,0.0,0.0,0.0,0.0,0.0,0.0,0.0,0.0,0.0,0.0,0.0,-0.5,-0.5,0.0,0.0,0.0,0.0,0.38000000000000017,0.0,0.0,0.0,0.0,0.0,1.0,0.0,0.0,0.0,0.0,0.0,0.0,0.0,0.0,0.0,0.0,0.0,0.5,-0.5,0.0,0.0,0.0,0.0,0.38000000000000017,0.0,0.0,0.0,0.0,0.0,1.0,0.0,0.0,0.0,0.0,0.0,0.0,0.0,0.0,0.0,0.0,0.0,
0.3900000000000002,0.07605000000000002,1.3650747199278625e-19,0.0,0.0,0.0,3.771982726163973e-18,0.3900000000000002,0.0,0.0,0.0,0.0,3.108624468950442e-17,0.0,0.0,0.0,0.0,0.0,0.0,0.0,0.0,0.0,0.0,0.0,0.0,4,0.5,0.5,0.0,0.0,0.0,0.0,0.3900000000000002,0.0,0.0,0.0,0.0,0.0,1.0,0.0,0.0,0.0,0.0,0.0,0.0,0.0,0.0,0.0,0.0,0.0,-0.5,0.5,0.0,0.0,0.0,0.0,0.3900000000000002,0.0,0.0,0.0,0.0,0.0,1.0,0.0,0.0,0.0,0.0,0.0,0.0,0.0,0.0,0.0,0.0,0.0,-0.5,-0.5,0.0,0.0,0.0,0.0,0.3900000000000002,0.0,0.0,0.0,0.0,0.0,1.0,0.0,0.0,0.0,0.0,0.0,0.0,0.0,0.0,0.0,0.0,0.0,0.5,-0.5,0.0,0.0,0.0,0.0,0.3900000000000002,0.0,0.0,0.0,0.0,0.0,1.0,0.0,0.0,0.0,0.0,0.0,0.0,0.0,0.0,0.0,0.0,0.0,
0.4000000000000002,0.08000000000000002,1.5267856423584206e-19,0.0,0.0,0.0,4.093947403305269e-18,0.4000000000000002,0.0,0.0,0.0,0.0,3.330669073875474e-17,0.0,0.0,0.0,0.0,0.0,0.0,0.0,0.0,0.0,0.0,0.0,0.0,4,0.5,0.5,0.0,0.0,0.0,0.0,0.4000000000000002,0.0,0.0,0.0,0.0,0.0,1.0,0.0,0.0,0.0,0.0,0.0,0.0,0.0,0.0,0.0,0.0,0.0,-0.5,0.5,0.0,0.0,0.0,0.0,0.4000000000000002,0.0,0.0,0.0,0.0,0.0,1.0,0.0,0.0,0.0,0.0,0.0,0.0,0.0,0.0,0.0,0.0,0.0,-0.5,-0.5,0.0,0.0,0.0,0.0,0.4000000000000002,0.0,0.0,0.0,0.0,0.0,1.0,0.0,0.0,0.0,0.0,0.0,0.0,0.0,0.0,0.0,0.0,0.0,0.5,-0.5,0.0,0.0,0.0,0.0,0.4000000000000002,0.0,0.0,0.0,0.0,0.0,1.0,0.0,0.0,0.0,0.0,0.0,0.0,0.0,0.0,0.0,0.0,0.0,
0.4100000000000002,0.08405000000000001,1.706529362266453e-19,0.0,0.0,0.0,4.438116540939068e-18,0.4100000000000002,0.0,0.0,0.0,0.0,3.5527136788005053e-17,0.0,0.0,0.0,0.0,0.0,0.0,0.0,0.0,0.0,0.0,0.0,0.0,4,0.5,0.5,0.0,0.0,0.0,0.0,0.4100000000000002,0.0,0.0,0.0,0.0,0.0,1.0,0.0,0.0,0.0,0.0,0.0,0.0,0.0,0.0,0.0,0.0,0.0,-0.5,0.5,0.0,0.0,0.0,0.0,0.4100000000000002,0.0,0.0,0.0,0.0,0.0,1.0,0.0,0.0,0.0,0.0,0.0,0.0,0.0,0.0,0.0,0.0,0.0,-0.5,-0.5,0.0,0.0,0.0,0.0,0.4100000000000002,0.0,0.0,0.0,0.0,0.0,1.0,0.0,0.0,0.0,0.0,0.0,0.0,0.0,0.0,0.0,0.0,0.0,0.5,-0.5,0.0,0.0,0.0,0.0,0.4100000000000002,0.0,0.0,0.0,0.0,0.0,1.0,0.0,0.0,0.0,0.0,0.0,0.0,0.0,0.0,0.0,0.0,0.0,
0.4200000000000002,0.08820000000000001,1.900156421097423e-19,0.0,0.0,0.0,4.665712260987226e-18,0.4200000000000002,0.0,0.0,0.0,0.0,9.992007221626458e-18,0.0,0.0,0.0,0.0,0.0,0.0,0.0,0.0,0.0,0.0,0.0,0.0,4,0.5,0.5,0.0,0.0,0.0,0.0,0.4200000000000002,0.0,0.0,0.0,0.0,0.0,1.0,0.0,0.0,0.0,0.0,0.0,0.0,0.0,0.0,0.0,0.0,0.0,-0.5,0.5,0.0,0.0,0.0,0.0,0.4200000000000002,0.0,0.0,0.0,0.0,0.0,1.0,0.0,0.0,0.0,0.0,0.0,0.0,0.0,0.0,0.0,0.0,0.0,-0.5,-0.5,0.0,0.0,0.0,0.0,0.4200000000000002,0.0,0.0,0.0,0.0,0.0,1.0,0.0,0.0,0.0,0.0,0.0,0.0,0.0,0.0,0.0,0.0,0.0,0.5,-0.5,0.0,0.0,0.0,0.0,0.4200000000000002,0.0,0.0,0.0,0.0,0.0,1.0,0.0,0.0,0.0,0.0,0.0,0.0,0.0,0.0,0.0,0.0,0.0,
0.4300000000000002,0.09245000000000002,2.103167640044037e-19,0.0,0.0,0.0,4.776734563449742e-18,0.4300000000000002,0.0,0.0,0.0,0.0,1.2212453270876773e-17,0.0,0.0,0.0,0.0,0.0,0.0,0.0,0.0,0.0,0.0,0.0,0.0,4,0.5,0.5,0.0,0.0,0.0,0.0,0.4300000000000002,0.0,0.0,0.0,0.0,0.0,1.0,0.0,0.0,0.0,0.0,0.0,0.0,0.0,0.0,0.0,0.0,0.0,-0.5,0.5,0.0,0.0,0.0,0.0,0.4300000000000002,0.0,0.0,0.0,0.0,0.0,1.0,0.0,0.0,0.0,0.0,0.0,0.0,0.0,0.0,0.0,0.0,0.0,-0.5,-0.5,0.0,0.0,0.0,0.0,0.4300000000000002,0.0,0.0,0.0,0.0,0.0,1.0,0.0,0.0,0.0,0.0,0.0,0.0,0.0,0.0,0.0,0.0,0.0,0.5,-0.5,0.0,0.0,0.0,0.0,0.4300000000000002,0.0,0.0,0.0,0.0,0.0,1.0,0.0,0.0,0.0,0.0,0.0,0.0,0.0,0.0,0.0,0.0,0.0,
0.4400000000000002,0.09680000000000002,2.3167509577426443e-19,0.0,0.0,0.0,4.909961326404762e-18,0.4400000000000002,0.0,0.0,0.0,0.0,1.4432899320127088e-17,0.0,0.0,0.0,0.0,0.0,0.0,0.0,0.0,0.0,0.0,0.0,0.0,4,0.5,0.5,0.0,0.0,0.0,0.0,0.4400000000000002,0.0,0.0,0.0,0.0,0.0,1.0,0.0,0.0,0.0,0.0,0.0,0.0,0.0,0.0,0.0,0.0,0.0,-0.5,0.5,0.0,0.0,0.0,0.0,0.4400000000000002,0.0,0.0,0.0,0.0,0.0,1.0,0.0,0.0,0.0,0.0,0.0,0.0,0.0,0.0,0.0,0.0,0.0,-0.5,-0.5,0.0,0.0,0.0,0.0,0.4400000000000002,0.0,0.0,0.0,0.0,0.0,1.0,0.0,0.0,0.0,0.0,0.0,0.0,0.0,0.0,0.0,0.0,0.0,0.5,-0.5,0.0,0.0,0.0,0.0,0.4400000000000002,0.0,0.0,0.0,0.0,0.0,1.0,0.0,0.0,0.0,0.0,0.0,0.0,0.0,0.0,0.0,0.0,0.0,
0.45000000000000023,0.10125000000000003,2.542160926211071e-19,0.0,0.0,0.0,5.065392549852284e-18,0.45000000000000023,0.0,0.0,0.0,0.0,1.6653345369377403e-17,0.0,0.0,0.0,0.0,0.0,0.0,0.0,0.0,0.0,0.0,0.0,0.0,4,0.5,0.5,0.0,0.0,0.0,0.0,0.45000000000000023,0.0,0.0,0.0,0.0,0.0,1.0,0.0,0.0,0.0,0.0,0.0,0.0,0.0,0.0,0.0,0.0,0.0,-0.5,0.5,0.0,0.0,0.0,0.0,0.45000000000000023,0.0,0.0,0.0,0.0,0.0,1.0,0.0,0.0,0.0,0.0,0.0,0.0,0.0,0.0,0.0,0.0,0.0,-0.5,-0.5,0.0,0.0,0.0,0.0,0.45000000000000023,0.0,0.0,0.0,0.0,0.0,1.0,0.0,0.0,0.0,0.0,0.0,0.0,0.0,0.0,0.0,0.0,0.0,0.5,-0.5,0.0,0.0,0.0,0.0,0.45000000000000023,0.0,0.0,0.0,0.0,0.0,1.0,0.0,0.0,0.0,0.0,0.0,0.0,0.0,0.0,0.0,0.0,0.0,
0.46000000000000024,0.10580000000000003,2.7807187108486214e-19,0.0,0.0,0.0,5.24302823379231e-18,0.46000000000000024,0.0,0.0,0.0,0.0,1.8873791418627718e-17,0.0,0.0,0.0,0.0,0.0,0.0,0.0,0.0,0.0,0.0,0.0,0.0,4,0.5,0.5,0.0,0.0,0.0,0.0,0.46000000000000024,0.0,0.0,0.0,0.0,0.0,1.0,0.0,0.0,0.0,0.0,0.0,0.0,0.0,0.0,0.0,0.0,0.0,-0.5,0.5,0.0,0.0,0.0,0.0,0.46000000000000024,0.0,0.0,0.0,0.0,0.0,1.0,0.0,0.0,0.0,0.0,0.0,0.0,0.0,0.0,0.0,0.0,0.0,-0.5,-0.5,0.0,0.0,0.0,0.0,0.46000000000000024,0.0,0.0,0.0,0.0,0.0,1.0,0.0,0.0,0.0,0.0,0.0,0.0,0.0,0.0,0.0,0.0,0.0,0.5,-0.5,0.0,0.0,0.0,0.0,0.46000000000000024,0.0,0.0,0.0,0.0,0.0,1.0,0.0,0.0,0.0,0.0,0.0,0.0,0.0,0.0,0.0,0.0,0.0,
0.47000000000000025,0.11045000000000003,3.0338120904360763e-19,0.0,0.0,0.0,5.442868378224838e-18,0.47000000000000025,0.0,0.0,0.0,0.0,2.1094237467878033e-17,0.0,0.0,0.0,0.0,0.0,0.0,0.0,0.0,0.0,0.0,0.0,0.0,4,0.5,0.5,0.0,0.0,0.0,0.0,0.47000000000000025,0.0,0.0,0.0,0.0,0.0,1.0,0.0,0.0,0.0,0.0,0.0,0.0,0.0,0.0,0.0,0.0,0.0,-0.5,0.5,0.0,0.0,0.0,0.0,0.47000000000000025,0.0,0.0,0.0,0.0,0.0,1.0,0.0,0.0,0.0,0.0,0.0,0.0,0.0,0.0,0.0,0.0,0.0,-0.5,-0.5,0.0,0.0,0.0,0.0,0.47000000000000025,0.0,0.0,0.0,0.0,0.0,1.0,0.0,0.0,0.0,0.0,0.0,0.0,0.0,0.0,0.0,0.0,0.0,0.5,-0.5,0.0,0.0,0.0,0.0,0.47000000000000025,0.0,0.0,0.0,0.0,0.0,1.0,0.0,0.0,0.0,0.0,0.0,0.0,0.0,0.0,0.0,0.0,0.0,
0.48000000000000026,0.11520000000000004,3.3028954571356955e-19,0.0,0.0,0.0,5.6649129831498706e-18,0.48000000000000026,0.0,0.0,0.0,0.0,2.3314683517128348e-17,0.0,0.0,0.0,0.0,0.0,0.0,0.0,0.0,0.0,0.0,0.0,0.0,4,0.5,0.5,0.0,0.0,0.0,0.0,0.48000000000000026,0.0,0.0,0.0,0.0,0.0,1.0,0.0,0.0,0.0,0.0,0.0,0.0,0.0,0.0,0.0,0.0,0.0,-0.5,0.5,0.0,0.0,0.0,0.0,0.48000000000000026,0.0,0.0,0.0,0.0,0.0,1.0,0.0,0.0,0.0,0.0,0.0,0.0,0.0,0.0,0.0,0.0,0.0,-0.5,-0.5,0.0,0.0,0.0,0.0,0.48000000000000026,0.0,0.0,0.0,0.0,0.0,1.0,0.0,0.0,0.0,0.0,0.0,0.0,0.0,0.0,0.0,0.0,0.0,0.5,-0.5,0.0,0.0,0.0,0.0,0.48000000000000026,0.0,0.0,0.0,0.0,0.0,1.0,0.0,0.0,0.0,0.0,0.0,0.0,0.0,0.0,0.0,0.0,0.0,
0.49000000000000027,0.12005000000000005,3.589489816491215e-19,0.0,0.0,0.0,5.909162048567406e-18,0.49000000000000027,0.0,0.0,0.0,0.0,2.5535129566378663e-17,0.0,0.0,0.0,0.0,0.0,0.0,0.0,0.0,0.0,0.0,0.0,0.0,4,0.5,0.5,0.0,0.0,0.0,0.0,0.49000000000000027,0.0,0.0,0.0,0.0,0.0,1.0,0.0,0.0,0.0,0.0,0.0,0.0,0.0,0.0,0.0,0.0,0.0,-0.5,0.5,0.0,0.0,0.0,0.0,0.49000000000000027,0.0,0.0,0.0,0.0,0.0,1.0,0.0,0.0,0.0,0.0,0.0,0.0,0.0,0.0,0.0,0.0,0.0,-0.5,-0.5,0.0,0.0,0.0,0.0,0.49000000000000027,0.0,0.0,0.0,0.0,0.0,1.0,0.0,0.0,0.0,0.0,0.0,0.0,0.0,0.0,0.0,0.0,0.0,0.5,-0.5,0.0,0.0,0.0,0.0,0.49000000000000027,0.0,0.0,0.0,0.0,0.0,1.0,0.0,0.0,0.0,0.0,0.0,0.0,0.0,0.0,0.0,0.0,0.0,
0.5000000000000002,0.12500000000000006,3.8883132824629805e-19,0.0,0.0,0.0,6.0368376963992994e-18,0.5000000000000002,0.0,0.0,0.0,0.0,4.930380657631324e-32,0.0,0.0,0.0,0.0,0.0,0.0,0.0,0.0,0.0,0.0,0.0,0.0,4,0.5,0.5,0.0,0.0,0.0,0.0,0.5000000000000002,0.0,0.0,0.0,0.0,0.0,1.0,0.0,0.0,0.0,0.0,0.0,0.0,0.0,0.0,0.0,0.0,0.0,-0.5,0.5,0.0,0.0,0.0,0.0,0.5000000000000002,0.0,0.0,0.0,0.0,0.0,1.0,0.0,0.0,0.0,0.0,0.0,0.0,0.0,0.0,0.0,0.0,0.0,-0.5,-0.5,0.0,0.0,0.0,0.0,0.5000000000000002,0.0,0.0,0.0,0.0,0.0,1.0,0.0,0.0,0.0,0.0,0.0,0.0,0.0,0.0,0.0,0.0,0.0,0.5,-0.5,0.0,0.0,0.0,0.0,0.5000000000000002,0.0,0.0,0.0,0.0,0.0,1.0,0.0,0.0,0.0,0.0,0.0,0.0,0.0,0.0,0.0,0.0,0.0,
0.5100000000000002,0.13005000000000005,4.193734248758581e-19,0.0,0.0,0.0,6.047939926645551e-18,0.5100000000000002,0.0,0.0,0.0,0.0,2.2204460492503644e-18,0.0,0.0,0.0,0.0,0.0,0.0,0.0,0.0,0.0,0.0,0.0,0.0,4,0.5,0.5,0.0,0.0,0.0,0.0,0.5100000000000002,0.0,0.0,0.0,0.0,0.0,1.0,0.0,0.0,0.0,0.0,0.0,0.0,0.0,0.0,0.0,0.0,0.0,-0.5,0.5,0.0,0.0,0.0,0.0,0.5100000000000002,0.0,0.0,0.0,0.0,0.0,1.0,0.0,0.0,0.0,0.0,0.0,0.0,0.0,0.0,0.0,0.0,0.0,-0.5,-0.5,0.0,0.0,0.0,0.0,0.5100000000000002,0.0,0.0,0.0,0.0,0.0,1.0,0.0,0.0,0.0,0.0,0.0,0.0,0.0,0.0,0.0,0.0,0.0,0.5,-0.5,0.0,0.0,0.0,0.0,0.5100000000000002,0.0,0.0,0.0,0.0,0.0,1.0,0.0,0.0,0.0,0.0,0.0,0.0,0.0,0.0,0.0,0.0,0.0,
0.5200000000000002,0.13520000000000007,4.506918449553873e-19,0.0,0.0,0.0,6.081246617384306e-18,0.5200000000000002,0.0,0.0,0.0,0.0,4.4408920985006794e-18,0.0,0.0,0.0,0.0,0.0,0.0,0.0,0.0,0.0,0.0,0.0,0.0,4,0.5,0.5,0.0,0.0,0.0,0.0,0.5200000000000002,0.0,0.0,0.0,0.0,0.0,1.0,0.0,0.0,0.0,0.0,0.0,0.0,0.0,0.0,0.0,0.0,0.0,-0.5,0.5,0.0,0.0,0.0,0.0,0.5200000000000002,0.0,0.0,0.0,0.0,0.0,1.0,0.0,0.0,0.0,0.0,0.0,0.0,0.0,0.0,0.0,0.0,0.0,-0.5,-0.5,0.0,0.0,0.0,0.0,0.5200000000000002,0.0,0.0,0.0,0.0,0.0,1.0,0.0,0.0,0.0,0.0,0.0,0.0,0.0,0.0,0.0,0.0,0.0,0.5,-0.5,0.0,0.0,0.0,0.0,0.5200000000000002,0.0,0.0,0.0,0.0,0.0,1.0,0.0,0.0,0.0,0.0,0.0,0.0,0.0,0.0,0.0,0.0,0.0,
0.5300000000000002,0.14045000000000007,4.82909823240619e-19,0.0,0.0,0.0,6.136757768615565e-18,0.5300000000000002,0.0,0.0,0.0,0.0,6.6613381477509945e-18,0.0,0.0,0.0,0.0,0.0,0.0,0.0,0.0,0.0,0.0,0.0,0.0,4,0.5,0.5,0.0,0.0,0.0,0.0,0.5300000000000002,0.0,0.0,0.0,0.0,0.0,1.0,0.0,0.0,0.0,0.0,0.0,0.0,0.0,0.0,0.0,0.0,0.0,-0.5,0.5,0.0,0.0,0.0,0.0,0.5300000000000002,0.0,0.0,0.0,0.0,0.0,1.0,0.0,0.0,0.0,0.0,0.0,0.0,0.0,0.0,0.0,0.0,0.0,-0.5,-0.5,0.0,0.0,0.0,0.0,0.5300000000000002,0.0,0.0,0.0,0.0,0.0,1.0,0.0,0.0,0.0,0.0,0.0,0.0,0.0,0.0,0.0,0.0,0.0,0.5,-0.5,0.0,0.0,0.0,0.0,0.5300000000000002,0.0,0.0,0.0,0.0,0.0,1.0,0.0,0.0,0.0,0.0,0.0,0.0,0.0,0.0,0.0,0.0,0.0,
0.5400000000000003,0.14580000000000007,5.161572558254344e-19,0.0,0.0,0.0,6.2144733803393265e-18,0.5400000000000003,0.0,0.0,0.0,0.0,8.88178419700131e-18,0.0,0.0,0.0,0.0,0.0,0.0,0.0,0.0,0.0,0.0,0.0,0.0,4,0.5,0.5,0.0,0.0,0.0,0.0,0.5400000000000003,0.0,0.0,0.0,0.0,0.0,1.0,0.0,0.0,0.0,0.0,0.0,0.0,0.0,0.0,0.0,0.0,0.0,-0.5,0.5,0.0,0.0,0.0,0.0,0.5400000000000003,0.0,0.0,0.0,0.0,0.0,1.0,0.0,0.0,0.0,0.0,0.0,0.0,0.0,0.0,0.0,0.0,0.0,-0.5,-0.5,0.0,0.0,0.0,0.0,0.5400000000000003,0.0,0.0,0.0,0.0,0.0,1.0,0.0,0.0,0.0,0.0,0.0,0.0,0.0,0.0,0.0,0.0,0.0,0.5,-0.5,0.0,0.0,0.0,0.0,0.5400000000000003,0.0,0.0,0.0,0.0,0.0,1.0,0.0,0.0,0.0,0.0,0.0,0.0,0.0,0.0,0.0,0.0,0.0,
0.5500000000000003,0.15125000000000008,5.505707001418625e-19,0.0,0.0,0.0,6.314393452555591e-18,0.5500000000000003,0.0,0.0,0.0,0.0,1.1102230246251625e-17,0.0,0.0,0.0,0.0,0.0,0.0,0.0,0.0,0.0,0.0,0.0,0.0,4,0.5,0.5,0.0,0.0,0.0,0.0,0.5500000000000003,0.0,0.0,0.0,0.0,0.0,1.0,0.0,0.0,0.0,0.0,0.0,0.0,0.0,0.0,0.0,0.0,0.0,-0.5,0.5,0.0,0.0,0.0,0.0,0.5500000000000003,0.0,0.0,0.0,0.0,0.0,1.0,0.0,0.0,0.0,0.0,0.0,0.0,0.0,0.0,0.0,0.0,0.0,-0.5,-0.5,0.0,0.0,0.0,0.0,0.5500000000000003,0.0,0.0,0.0,0.0,0.0,1.0,0.0,0.0,0.0,0.0,0.0,0.0,0.0,0.0,0.0,0.0,0.0,0.5,-0.5,0.0,0.0,0.0,0.0,0.5500000000000003,0.0,0.0,0.0,0.0,0.0,1.0,0.0,0.0,0.0,0.0,0.0,0.0,0.0,0.0,0.0,0.0,0.0,
0.5600000000000003,0.15680000000000008,5.862933749600797e-19,0.0,0.0,0.0,6.436517985264359e-18,0.5600000000000003,0.0,0.0,0.0,0.0,1.332267629550194e-17,0.0,0.0,0.0,0.0,0.0,0.0,0.0,0.0,0.0,0.0,0.0,0.0,4,0.5,0.5,0.0,0.0,0.0,0.0,0.5600000000000003,0.0,0.0,0.0,0.0,0.0,1.0,0.0,0.0,0.0,0.0,0.0,0.0,0.0,0.0,0.0,0.0,0.0,-0.5,0.5,0.0,0.0,0.0,0.0,0.5600000000000003,0.0,0.0,0.0,0.0,0.0,1.0,0.0,0.0,0.0,0.0,0.0,0.0,0.0,0.0,0.0,0.0,0.0,-0.5,-0.5,0.0,0.0,0.0,0.0,0.5600000000000003,0.0,0.0,0.0,0.0,0.0,1.0,0.0,0.0,0.0,0.0,0.0,0.0,0.0,0.0,0.0,0.0,0.0,0.5,-0.5,0.0,0.0,0.0,0.0,0.5600000000000003,0.0,0.0,0.0,0.0,0.0,1.0,0.0,0.0,0.0,0.0,0.0,0.0,0.0,0.0,0.0,0.0,0.0,
0.5700000000000003,0.1624500000000001,6.234751603884105e-19,0.0,0.0,0.0,6.5808469784656294e-18,0.5700000000000003,0.0,0.0,0.0,0.0,1.5543122344752255e-17,0.0,0.0,0.0,0.0,0.0,0.0,0.0,0.0,0.0,0.0,0.0,0.0,4,0.5,0.5,0.0,0.0,0.0,0.0,0.5700000000000003,0.0,0.0,0.0,0.0,0.0,1.0,0.0,0.0,0.0,0.0,0.0,0.0,0.0,0.0,0.0,0.0,0.0,-0.5,0.5,0.0,0.0,0.0,0.0,0.5700000000000003,0.0,0.0,0.0,0.0,0.0,1.0,0.0,0.0,0.0,0.0,0.0,0.0,0.0,0.0,0.0,0.0,0.0,-0.5,-0.5,0.0,0.0,0.0,0.0,0.5700000000000003,0.0,0.0,0.0,0.0,0.0,1.0,0.0,0.0,0.0,0.0,0.0,0.0,0.0,0.0,0.0,0.0,0.0,0.5,-0.5,0.0,0.0,0.0,0.0,0.5700000000000003,0.0,0.0,0.0,0.0,0.0,1.0,0.0,0.0,0.0,0.0,0.0,0.0,0.0,0.0,0.0,0.0,0.0,
0.5800000000000003,0.1682000000000001,6.622725978733271e-19,0.0,0.0,0.0,6.747380432159404e-18,0.5800000000000003,0.0,0.0,0.0,0.0,1.776356839400257e-17,0.0,0.0,0.0,0.0,0.0,0.0,0.0,0.0,0.0,0.0,0.0,0.0,4,0.5,0.5,0.0,0.0,0.0,0.0,0.5800000000000003,0.0,0.0,0.0,0.0,0.0,1.0,0.0,0.0,0.0,0.0,0.0,0.0,0.0,0.0,0.0,0.0,0.0,-0.5,0.5,0.0,0.0,0.0,0.0,0.5800000000000003,0.0,0.0,0.0,0.0,0.0,1.0,0.0,0.0,0.0,0.0,0.0,0.0,0.0,0.0,0.0,0.0,0.0,-0.5,-0.5,0.0,0.0,0.0,0.0,0.5800000000000003,0.0,0.0,0.0,0.0,0.0,1.0,0.0,0.0,0.0,0.0,0.0,0.0,0.0,0.0,0.0,0.0,0.0,0.5,-0.5,0.0,0.0,0.0,0.0,0.5800000000000003,0.0,0.0,0.0,0.0,0.0,1.0,0.0,0.0,0.0,0.0,0.0,0.0,0.0,0.0,0.0,0.0,0.0,
0.5900000000000003,0.1740500000000001,7.028488901994494e-19,0.0,0.0,0.0,6.936118346345681e-18,0.5900000000000003,0.0,0.0,0.0,0.0,1.9984014443252885e-17,0.0,0.0,0.0,0.0,0.0,0.0,0.0,0.0,0.0,0.0,0.0,0.0,4,0.5,0.5,0.0,0.0,0.0,0.0,0.5900000000000003,0.0,0.0,0.0,0.0,0.0,1.0,0.0,0.0,0.0,0.0,0.0,0.0,0.0,0.0,0.0,0.0,0.0,-0.5,0.5,0.0,0.0,0.0,0.0,0.5900000000000003,0.0,0.0,0.0,0.0,0.0,1.0,0.0,0.0,0.0,0.0,0.0,0.0,0.0,0.0,0.0,0.0,0.0,-0.5,-0.5,0.0,0.0,0.0,0.0,0.5900000000000003,0.0,0.0,0.0,0.0,0.0,1.0,0.0,0.0,0.0,0.0,0.0,0.0,0.0,0.0,0.0,0.0,0.0,0.5,-0.5,0.0,0.0,0.0,0.0,0.5900000000000003,0.0,0.0,0.0,0.0,0.0,1.0,0.0,0.0,0.0,0.0,0.0,0.0,0.0,0.0,0.0,0.0,0.0,
0.6000000000000003,0.1800000000000001,7.45373901489545e-19,0.0,0.0,0.0,7.147060721024462e-18,0.6000000000000003,0.0,0.0,0.0,0.0,2.22044604925032e-17,0.0,0.0,0.0,0.0,0.0,0.0,0.0,0.0,0.0,0.0,0.0,0.0,4,0.5,0.5,0.0,0.0,0.0,0.0,0.6000000000000003,0.0,0.0,0.0,0.0,0.0,1.0,0.0,0.0,0.0,0.0,0.0,0.0,0.0,0.0,0.0,0.0,0.0,-0.5,0.5,0.0,0.0,0.0,0.0,0.6000000000000003,0.0,0.0,0.0,0.0,0.0,1.0,0.0,0.0,0.0,0.0,0.0,0.0,0.0,0.0,0.0,0.0,0.0,-0.5,-0.5,0.0,0.0,0.0,0.0,0.6000000000000003,0.0,0.0,0.0,0.0,0.0,1.0,0.0,0.0,0.0,0.0,0.0,0.0,0.0,0.0,0.0,0.0,0.0,0.5,-0.5,0.0,0.0,0.0,0.0,0.6000000000000003,0.0,0.0,0.0,0.0,0.0,1.0,0.0,0.0,0.0,0.0,0.0,0.0,0.0,0.0,0.0,0.0,0.0,
0.6100000000000003,0.1860500000000001,7.900241572045292e-19,0.0,0.0,0.0,7.380207556195746e-18,0.6100000000000003,0.0,0.0,0.0,0.0,2.4424906541753515e-17,0.0,0.0,0.0,0.0,0.0,0.0,0.0,0.0,0.0,0.0,0.0,0.0,4,0.5,0.5,0.0,0.0,0.0,0.0,0.6100000000000003,0.0,0.0,0.0,0.0,0.0,1.0,0.0,0.0,0.0,0.0,0.0,0.0,0.0,0.0,0.0,0.0,0.0,-0.5,0.5,0.0,0.0,0.0,0.0,0.6100000000000003,0.0,0.0,0.0,0.0,0.0,1.0,0.0,0.0,0.0,0.0,0.0,0.0,0.0,0.0,0.0,0.0,0.0,-0.5,-0.5,0.0,0.0,0.0,0.0,0.6100000000000003,0.0,0.0,0.0,0.0,0.0,1.0,0.0,0.0,0.0,0.0,0.0,0.0,0.0,0.0,0.0,0.0,0.0,0.5,-0.5,0.0,0.0,0.0,0.0,0.6100000000000003,0.0,0.0,0.0,0.0,0.0,1.0,0.0,0.0,0.0,0.0,0.0,0.0,0.0,0.0,0.0,0.0,0.0,
0.6200000000000003,0.19220000000000012,8.369828441434654e-19,0.0,0.0,0.0,7.635558851859533e-18,0.6200000000000003,0.0,0.0,0.0,0.0,2.664535259100383e-17,0.0,0.0,0.0,0.0,0.0,0.0,0.0,0.0,0.0,0.0,0.0,0.0,4,0.5,0.5,0.0,0.0,0.0,0.0,0.6200000000000003,0.0,0.0,0.0,0.0,0.0,1.0,0.0,0.0,0.0,0.0,0.0,0.0,0.0,0.0,0.0,0.0,0.0,-0.5,0.5,0.0,0.0,0.0,0.0,0.6200000000000003,0.0,0.0,0.0,0.0,0.0,1.0,0.0,0.0,0.0,0.0,0.0,0.0,0.0,0.0,0.0,0.0,0.0,-0.5,-0.5,0.0,0.0,0.0,0.0,0.6200000000000003,0.0,0.0,0.0,0.0,0.0,1.0,0.0,0.0,0.0,0.0,0.0,0.0,0.0,0.0,0.0,0.0,0.0,0.5,-0.5,0.0,0.0,0.0,0.0,0.6200000000000003,0.0,0.0,0.0,0.0,0.0,1.0,0.0,0.0,0.0,0.0,0.0,0.0,0.0,0.0,0.0,0.0,0.0,
0.6300000000000003,0.19845000000000013,8.864398104435643e-19,0.0,0.0,0.0,7.913114608015822e-18,0.6300000000000003,0.0,0.0,0.0,0.0,2.8865798640254145e-17,0.0,0.0,0.0,0.0,0.0,0.0,0.0,0.0,0.0,0.0,0.0,0.0,4,0.5,0.5,0.0,0.0,0.0,0.0,0.6300000000000003,0.0,0.0,0.0,0.0,0.0,1.0,0.0,0.0,0.0,0.0,0.0,0.0,0.0,0.0,0.0,0.0,0.0,-0.5,0.5,0.0,0.0,0.0,0.0,0.6300000000000003,0.0,0.0,0.0,0.0,0.0,1.0,0.0,0.0,0.0,0.0,0.0,0.0,0.0,0.0,0.0,0.0,0.0,-0.5,-0.5,0.0,0.0,0.0,0.0,0.6300000000000003,0.0,0.0,0.0,0.0,0.0,1.0,0.0,0.0,0.0,0.0,0.0,0.0,0.0,0.0,0.0,0.0,0.0,0.5,-0.5,0.0,0.0,0.0,0.0,0.6300000000000003,0.0,0.0,0.0,0.0,0.0,1.0,0.0,0.0,0.0,0.0,0.0,0.0,0.0,0.0,0.0,0.0,0.0,
0.6400000000000003,0.20480000000000012,9.385915655801846e-19,0.0,0.0,0.0,8.212874824664615e-18,0.6400000000000003,0.0,0.0,0.0,0.0,3.108624468950446e-17,0.0,0.0,0.0,0.0,0.0,0.0,0.0,0.0,0.0,0.0,0.0,0.0,4,0.5,0.5,0.0,0.0,0.0,0.0,0.6400000000000003,0.0,0.0,0.0,0.0,0.0,1.0,0.0,0.0,0.0,0.0,0.0,0.0,0.0,0.0,0.0,0.0,0.0,-0.5,0.5,0.0,0.0,0.0,0.0,0.6400000000000003,0.0,0.0,0.0,0.0,0.0,1.0,0.0,0.0,0.0,0.0,0.0,0.0,0.0,0.0,0.0,0.0,0.0,-0.5,-0.5,0.0,0.0,0.0,0.0,0.6400000000000003,0.0,0.0,0.0,0.0,0.0,1.0,0.0,0.0,0.0,0.0,0.0,0.0,0.0,0.0,0.0,0.0,0.0,0.5,-0.5,0.0,0.0,0.0,0.0,0.6400000000000003,0.0,0.0,0.0,0.0,0.0,1.0,0.0,0.0,0.0,0.0,0.0,0.0,0.0,0.0,0.0,0.0,0.0,
0.6500000000000004,0.21125000000000013,9.936412803668328e-19,0.0,0.0,0.0,8.534839501805912e-18,0.6500000000000004,0.0,0.0,0.0,0.0,3.3306690738754775e-17,0.0,0.0,0.0,0.0,0.0,0.0,0.0,0.0,0.0,0.0,0.0,0.0,4,0.5,0.5,0.0,0.0,0.0,0.0,0.6500000000000004,0.0,0.0,0.0,0.0,0.0,1.0,0.0,0.0,0.0,0.0,0.0,0.0,0.0,0.0,0.0,0.0,0.0,-0.5,0.5,0.0,0.0,0.0,0.0,0.6500000000000004,0.0,0.0,0.0,0.0,0.0,1.0,0.0,0.0,0.0,0.0,0.0,0.0,0.0,0.0,0.0,0.0,0.0,-0.5,-0.5,0.0,0.0,0.0,0.0,0.6500000000000004,0.0,0.0,0.0,0.0,0.0,1.0,0.0,0.0,0.0,0.0,0.0,0.0,0.0,0.0,0.0,0.0,0.0,0.5,-0.5,0.0,0.0,0.0,0.0,0.6500000000000004,0.0,0.0,0.0,0.0,0.0,1.0,0.0,0.0,0.0,0.0,0.0,0.0,0.0,0.0,0.0,0.0,0.0,
0.6600000000000004,0.21780000000000013,1.051798786955163e-18,0.0,0.0,0.0,8.879008639439711e-18,0.6600000000000004,0.0,0.0,0.0,0.0,3.552713678800509e-17,0.0,0.0,0.0,0.0,0.0,0.0,0.0,0.0,0.0,0.0,0.0,0.0,4,0.5,0.5,0.0,0.0,0.0,0.0,0.6600000000000004,0.0,0.0,0.0,0.0,0.0,1.0,0.0,0.0,0.0,0.0,0.0,0.0,0.0,0.0,0.0,0.0,0.0,-0.5,0.5,0.0,0.0,0.0,0.0,0.6600000000000004,0.0,0.0,0.0,0.0,0.0,1.0,0.0,0.0,0.0,0.0,0.0,0.0,0.0,0.0,0.0,0.0,0.0,-0.5,-0.5,0.0,0.0,0.0,0.0,0.6600000000000004,0.0,0.0,0.0,0.0,0.0,1.0,0.0,0.0,0.0,0.0,0.0,0.0,0.0,0.0,0.0,0.0,0.0,0.5,-0.5,0.0,0.0,0.0,0.0,0.6600000000000004,0.0,0.0,0.0,0.0,0.0,1.0,0.0,0.0,0.0,0.0,0.0,0.0,0.0,0.0,0.0,0.0,0.0,
0.6700000000000004,0.22445000000000015,1.113280578834977e-18,0.0,0.0,0.0,9.245382237566014e-18,0.6700000000000004,0.0,0.0,0.0,0.0,3.7747582837255405e-17,0.0,0.0,0.0,0.0,0.0,0.0,0.0,0.0,0.0,0.0,0.0,0.0,4,0.5,0.5,0.0,0.0,0.0,0.0,0.6700000000000004,0.0,0.0,0.0,0.0,0.0,1.0,0.0,0.0,0.0,0.0,0.0,0.0,0.0,0.0,0.0,0.0,0.0,-0.5,0.5,0.0,0.0,0.0,0.0,0.6700000000000004,0.0,0.0,0.0,0.0,0.0,1.0,0.0,0.0,0.0,0.0,0.0,0.0,0.0,0.0,0.0,0.0,0.0,-0.5,-0.5,0.0,0.0,0.0,0.0,0.6700000000000004,0.0,0.0,0.0,0.0,0.0,1.0,0.0,0.0,0.0,0.0,0.0,0.0,0.0,0.0,0.0,0.0,0.0,0.5,-0.5,0.0,0.0,0.0,0.0,0.6700000000000004,0.0,0.0,0.0,0.0,0.0,1.0,0.0,0.0,0.0,0.0,0.0,0.0,0.0,0.0,0.0,0.0,0.0,
0.6800000000000004,0.23120000000000016,1.1783098108342247e-18,0.0,0.0,0.0,9.63396029618482e-18,0.6800000000000004,0.0,0.0,0.0,0.0,3.996802888650572e-17,0.0,0.0,0.0,0.0,0.0,0.0,0.0,0.0,0.0,0.0,0.0,0.0,4,0.5,0.5,0.0,0.0,0.0,0.0,0.6800000000000004,0.0,0.0,0.0,0.0,0.0,1.0,0.0,0.0,0.0,0.0,0.0,0.0,0.0,0.0,0.0,0.0,0.0,-0.5,0.5,0.0,0.0,0.0,0.0,0.6800000000000004,0.0,0.0,0.0,0.0,0.0,1.0,0.0,0.0,0.0,0.0,0.0,0.0,0.0,0.0,0.0,0.0,0.0,-0.5,-0.5,0.0,0.0,0.0,0.0,0.6800000000000004,0.0,0.0,0.0,0.0,0.0,1.0,0.0,0.0,0.0,0.0,0.0,0.0,0.0,0.0,0.0,0.0,0.0,0.5,-0.5,0.0,0.0,0.0,0.0,0.6800000000000004,0.0,0.0,0.0,0.0,0.0,1.0,0.0,0.0,0.0,0.0,0.0,0.0,0.0,0.0,0.0,0.0,0.0,
0.6900000000000004,0.23805000000000015,1.2471162991190033e-18,0.0,0.0,0.0,1.0044742815296128e-17,0.6900000000000004,0.0,0.0,0.0,0.0,4.2188474935756035e-17,0.0,0.0,0.0,0.0,0.0,0.0,0.0,0.0,0.0,0.0,0.0,0.0,4,0.5,0.5,0.0,0.0,0.0,0.0,0.6900000000000004,0.0,0.0,0.0,0.0,0.0,1.0,0.0,0.0,0.0,0.0,0.0,0.0,0.0,0.0,0.0,0.0,0.0,-0.5,0.5,0.0,0.0,0.0,0.0,0.6900000000000004,0.0,0.0,0.0,0.0,0.0,1.0,0.0,0.0,0.0,0.0,0.0,0.0,0.0,0.0,0.0,0.0,0.0,-0.5,-0.5,0.0,0.0,0.0,0.0,0.6900000000000004,0.0,0.0,0.0,0.0,0.0,1.0,0.0,0.0,0.0,0.0,0.0,0.0,0.0,0.0,0.0,0.0,0.0,0.5,-0.5,0.0,0.0,0.0,0.0,0.6900000000000004,0.0,0.0,0.0,0.0,0.0,1.0,0.0,0.0,0.0,0.0,0.0,0.0,0.0,0.0,0.0,0.0,0.0,
0.7000000000000004,0.24500000000000016,1.319936521193558e-18,0.0,0.0,0.0,1.0477729794899941e-17,0.7000000000000004,0.0,0.0,0.0,0.0,4.440892098500635e-17,0.0,0.0,0.0,0.0,0.0,0.0,0.0,0.0,0.0,0.0,0.0,0.0,4,0.5,0.5,0.0,0.0,0.0,0.0,0.7000000000000004,0.0,0.0,0.0,0.0,0.0,1.0,0.0,0.0,0.0,0.0,0.0,0.0,0.0,0.0,0.0,0.0,0.0,-0.5,0.5,0.0,0.0,0.0,0.0,0.7000000000000004,0.0,0.0,0.0,0.0,0.0,1.0,0.0,0.0,0.0,0.0,0.0,0.0,0.0,0.0,0.0,0.0,0.0,-0.5,-0.5,0.0,0.0,0.0,0.0,0.7000000000000004,0.0,0.0,0.0,0.0,0.0,1.0,0.0,0.0,0.0,0.0,0.0,0.0,0.0,0.0,0.0,0.0,0.0,0.5,-0.5,0.0,0.0,0.0,0.0,0.7000000000000004,0.0,0.0,0.0,0.0,0.0,1.0,0.0,0.0,0.0,0.0,0.0,0.0,0.0,0.0,0.0,0.0,0.0,
0.7100000000000004,0.25205000000000016,1.3970136159002817e-18,0.0,0.0,0.0,1.0932921234996256e-17,0.7100000000000004,0.0,0.0,0.0,0.0,4.6629367034256665e-17,0.0,0.0,0.0,0.0,0.0,0.0,0.0,0.0,0.0,0.0,0.0,0.0,4,0.5,0.5,0.0,0.0,0.0,0.0,0.7100000000000004,0.0,0.0,0.0,0.0,0.0,1.0,0.0,0.0,0.0,0.0,0.0,0.0,0.0,0.0,0.0,0.0,0.0,-0.5,0.5,0.0,0.0,0.0,0.0,0.7100000000000004,0.0,0.0,0.0,0.0,0.0,1.0,0.0,0.0,0.0,0.0,0.0,0.0,0.0,0.0,0.0,0.0,0.0,-0.5,-0.5,0.0,0.0,0.0,0.0,0.7100000000000004,0.0,0.0,0.0,0.0,0.0,1.0,0.0,0.0,0.0,0.0,0.0,0.0,0.0,0.0,0.0,0.0,0.0,0.5,-0.5,0.0,0.0,0.0,0.0,0.7100000000000004,0.0,0.0,0.0,0.0,0.0,1.0,0.0,0.0,0.0,0.0,0.0,0.0,0.0,0.0,0.0,0.0,0.0,
0.7200000000000004,0.25920000000000015,1.478597383419715e-18,0.0,0.0,0.0,1.1410317135585075e-17,0.7200000000000004,0.0,0.0,0.0,0.0,4.884981308350698e-17,0.0,0.0,0.0,0.0,0.0,0.0,0.0,0.0,0.0,0.0,0.0,0.0,4,0.5,0.5,0.0,0.0,0.0,0.0,0.7200000000000004,0.0,0.0,0.0,0.0,0.0,1.0,0.0,0.0,0.0,0.0,0.0,0.0,0.0,0.0,0.0,0.0,0.0,-0.5,0.5,0.0,0.0,0.0,0.0,0.7200000000000004,0.0,0.0,0.0,0.0,0.0,1.0,0.0,0.0,0.0,0.0,0.0,0.0,0.0,0.0,0.0,0.0,0.0,-0.5,-0.5,0.0,0.0,0.0,0.0,0.7200000000000004,0.0,0.0,0.0,0.0,0.0,1.0,0.0,0.0,0.0,0.0,0.0,0.0,0.0,0.0,0.0,0.0,0.0,0.5,-0.5,0.0,0.0,0.0,0.0,0.7200000000000004,0.0,0.0,0.0,0.0,0.0,1.0,0.0,0.0,0.0,0.0,0.0,0.0,0.0,0.0,0.0,0.0,0.0,
0.7300000000000004,0.26645000000000013,1.5649442852705464e-18,0.0,0.0,0.0,1.1909917496666396e-17,0.7300000000000004,0.0,0.0,0.0,0.0,5.1070259132757296e-17,0.0,0.0,0.0,0.0,0.0,0.0,0.0,0.0,0.0,0.0,0.0,0.0,4,0.5,0.5,0.0,0.0,0.0,0.0,0.7300000000000004,0.0,0.0,0.0,0.0,0.0,1.0,0.0,0.0,0.0,0.0,0.0,0.0,0.0,0.0,0.0,0.0,0.0,-0.5,0.5,0.0,0.0,0.0,0.0,0.7300000000000004,0.0,0.0,0.0,0.0,0.0,1.0,0.0,0.0,0.0,0.0,0.0,0.0,0.0,0.0,0.0,0.0,0.0,-0.5,-0.5,0.0,0.0,0.0,0.0,0.7300000000000004,0.0,0.0,0.0,0.0,0.0,1.0,0.0,0.0,0.0,0.0,0.0,0.0,0.0,0.0,0.0,0.0,0.0,0.5,-0.5,0.0,0.0,0.0,0.0,0.7300000000000004,0.0,0.0,0.0,0.0,0.0,1.0,0.0,0.0,0.0,0.0,0.0,0.0,0.0,0.0,0.0,0.0,0.0,
0.7400000000000004,0.27380000000000015,1.656317444309612e-18,0.0,0.0,0.0,1.243172231824022e-17,0.7400000000000004,0.0,0.0,0.0,0.0,5.329070518200761e-17,0.0,0.0,0.0,0.0,0.0,0.0,0.0,0.0,0.0,0.0,0.0,0.0,4,0.5,0.5,0.0,0.0,0.0,0.0,0.7400000000000004,0.0,0.0,0.0,0.0,0.0,1.0,0.0,0.0,0.0,0.0,0.0,0.0,0.0,0.0,0.0,0.0,0.0,-0.5,0.5,0.0,0.0,0.0,0.0,0.7400000000000004,0.0,0.0,0.0,0.0,0.0,1.0,0.0,0.0,0.0,0.0,0.0,0.0,0.0,0.0,0.0,0.0,0.0,-0.5,-0.5,0.0,0.0,0.0,0.0,0.7400000000000004,0.0,0.0,0.0,0.0,0.0,1.0,0.0,0.0,0.0,0.0,0.0,0.0,0.0,0.0,0.0,0.0,0.0,0.5,-0.5,0.0,0.0,0.0,0.0,0.7400000000000004,0.0,0.0,0.0,0.0,0.0,1.0,0.0,0.0,0.0,0.0,0.0,0.0,0.0,0.0,0.0,0.0,0.0,
0.7500000000000004,0.28125000000000017,1.752986644731896e-18,0.0,0.0,0.0,1.2975731600306549e-17,0.7500000000000004,0.0,0.0,0.0,0.0,5.551115123125793e-17,0.0,0.0,0.0,0.0,0.0,0.0,0.0,0.0,0.0,0.0,0.0,0.0,4,0.5,0.5,0.0,0.0,0.0,0.0,0.7500000000000004,0.0,0.0,0.0,0.0,0.0,1.0,0.0,0.0,0.0,0.0,0.0,0.0,0.0,0.0,0.0,0.0,0.0,-0.5,0.5,0.0,0.0,0.0,0.0,0.7500000000000004,0.0,0.0,0.0,0.0,0.0,1.0,0.0,0.0,0.0,0.0,0.0,0.0,0.0,0.0,0.0,0.0,0.0,-0.5,-0.5,0.0,0.0,0.0,0.0,0.7500000000000004,0.0,0.0,0.0,0.0,0.0,1.0,0.0,0.0,0.0,0.0,0.0,0.0,0.0,0.0,0.0,0.0,0.0,0.5,-0.5,0.0,0.0,0.0,0.0,0.7500000000000004,0.0,0.0,0.0,0.0,0.0,1.0,0.0,0.0,0.0,0.0,0.0,0.0,0.0,0.0,0.0,0.0,0.0,
0.7600000000000005,0.28880000000000017,1.85522833207053e-18,0.0,0.0,0.0,1.354194534286538e-17,0.7600000000000005,0.0,0.0,0.0,0.0,5.773159728050824e-17,0.0,0.0,0.0,0.0,0.0,0.0,0.0,0.0,0.0,0.0,0.0,0.0,4,0.5,0.5,0.0,0.0,0.0,0.0,0.7600000000000005,0.0,0.0,0.0,0.0,0.0,1.0,0.0,0.0,0.0,0.0,0.0,0.0,0.0,0.0,0.0,0.0,0.0,-0.5,0.5,0.0,0.0,0.0,0.0,0.7600000000000005,0.0,0.0,0.0,0.0,0.0,1.0,0.0,0.0,0.0,0.0,0.0,0.0,0.0,0.0,0.0,0.0,0.0,-0.5,-0.5,0.0,0.0,0.0,0.0,0.7600000000000005,0.0,0.0,0.0,0.0,0.0,1.0,0.0,0.0,0.0,0.0,0.0,0.0,0.0,0.0,0.0,0.0,0.0,0.5,-0.5,0.0,0.0,0.0,0.0,0.7600000000000005,0.0,0.0,0.0,0.0,0.0,1.0,0.0,0.0,0.0,0.0,0.0,0.0,0.0,0.0,0.0,0.0,0.0,
0.7700000000000005,0.29645000000000016,1.963325613196793e-18,0.0,0.0,0.0,1.4130363545916714e-17,0.7700000000000005,0.0,0.0,0.0,0.0,5.995204332975856e-17,0.0,0.0,0.0,0.0,0.0,0.0,0.0,0.0,0.0,0.0,0.0,0.0,4,0.5,0.5,0.0,0.0,0.0,0.0,0.7700000000000005,0.0,0.0,0.0,0.0,0.0,1.0,0.0,0.0,0.0,0.0,0.0,0.0,0.0,0.0,0.0,0.0,0.0,-0.5,0.5,0.0,0.0,0.0,0.0,0.7700000000000005,0.0,0.0,0.0,0.0,0.0,1.0,0.0,0.0,0.0,0.0,0.0,0.0,0.0,0.0,0.0,0.0,0.0,-0.5,-0.5,0.0,0.0,0.0,0.0,0.7700000000000005,0.0,0.0,0.0,0.0,0.0,1.0,0.0,0.0,0.0,0.0,0.0,0.0,0.0,0.0,0.0,0.0,0.0,0.5,-0.5,0.0,0.0,0.0,0.0,0.7700000000000005,0.0,0.0,0.0,0.0,0.0,1.0,0.0,0.0,0.0,0.0,0.0,0.0,0.0,0.0,0.0,0.0,0.0,
0.7800000000000005,0.30420000000000014,2.077568256320112e-18,0.0,0.0,0.0,1.474098620946055e-17,0.7800000000000005,0.0,0.0,0.0,0.0,6.217248937900887e-17,0.0,0.0,0.0,0.0,0.0,0.0,0.0,0.0,0.0,0.0,0.0,0.0,4,0.5,0.5,0.0,0.0,0.0,0.0,0.7800000000000005,0.0,0.0,0.0,0.0,0.0,1.0,0.0,0.0,0.0,0.0,0.0,0.0,0.0,0.0,0.0,0.0,0.0,-0.5,0.5,0.0,0.0,0.0,0.0,0.7800000000000005,0.0,0.0,0.0,0.0,0.0,1.0,0.0,0.0,0.0,0.0,0.0,0.0,0.0,0.0,0.0,0.0,0.0,-0.5,-0.5,0.0,0.0,0.0,0.0,0.7800000000000005,0.0,0.0,0.0,0.0,0.0,1.0,0.0,0.0,0.0,0.0,0.0,0.0,0.0,0.0,0.0,0.0,0.0,0.5,-0.5,0.0,0.0,0.0,0.0,0.7800000000000005,0.0,0.0,0.0,0.0,0.0,1.0,0.0,0.0,0.0,0.0,0.0,0.0,0.0,0.0,0.0,0.0,0.0,
0.7900000000000005,0.31205000000000016,2.198252690988063e-18,0.0,0.0,0.0,1.537381333349689e-17,0.7900000000000005,0.0,0.0,0.0,0.0,6.439293542825919e-17,0.0,0.0,0.0,0.0,0.0,0.0,0.0,0.0,0.0,0.0,0.0,0.0,4,0.5,0.5,0.0,0.0,0.0,0.0,0.7900000000000005,0.0,0.0,0.0,0.0,0.0,1.0,0.0,0.0,0.0,0.0,0.0,0.0,0.0,0.0,0.0,0.0,0.0,-0.5,0.5,0.0,0.0,0.0,0.0,0.7900000000000005,0.0,0.0,0.0,0.0,0.0,1.0,0.0,0.0,0.0,0.0,0.0,0.0,0.0,0.0,0.0,0.0,0.0,-0.5,-0.5,0.0,0.0,0.0,0.0,0.7900000000000005,0.0,0.0,0.0,0.0,0.0,1.0,0.0,0.0,0.0,0.0,0.0,0.0,0.0,0.0,0.0,0.0,0.0,0.5,-0.5,0.0,0.0,0.0,0.0,0.7900000000000005,0.0,0.0,0.0,0.0,0.0,1.0,0.0,0.0,0.0,0.0,0.0,0.0,0.0,0.0,0.0,0.0,0.0,
0.8000000000000005,0.3200000000000002,2.3256820080863676e-18,0.0,0.0,0.0,1.6028844918025735e-17,0.8000000000000005,0.0,0.0,0.0,0.0,6.66133814775095e-17,0.0,0.0,0.0,0.0,0.0,0.0,0.0,0.0,0.0,0.0,0.0,0.0,4,0.5,0.5,0.0,0.0,0.0,0.0,0.8000000000000005,0.0,0.0,0.0,0.0,0.0,1.0,0.0,0.0,0.0,0.0,0.0,0.0,0.0,0.0,0.0,0.0,0.0,-0.5,0.5,0.0,0.0,0.0,0.0,0.8000000000000005,0.0,0.0,0.0,0.0,0.0,1.0,0.0,0.0,0.0,0.0,0.0,0.0,0.0,0.0,0.0,0.0,0.0,-0.5,-0.5,0.0,0.0,0.0,0.0,0.8000000000000005,0.0,0.0,0.0,0.0,0.0,1.0,0.0,0.0,0.0,0.0,0.0,0.0,0.0,0.0,0.0,0.0,0.0,0.5,-0.5,0.0,0.0,0.0,0.0,0.8000000000000005,0.0,0.0,0.0,0.0,0.0,1.0,0.0,0.0,0.0,0.0,0.0,0.0,0.0,0.0,0.0,0.0,0.0,
0.8100000000000005,0.3280500000000002,2.4601659598388967e-18,0.0,0.0,0.0,1.6706080963047083e-17,0.8100000000000005,0.0,0.0,0.0,0.0,6.883382752675982e-17,0.0,0.0,0.0,0.0,0.0,0.0,0.0,0.0,0.0,0.0,0.0,0.0,4,0.5,0.5,0.0,0.0,0.0,0.0,0.8100000000000005,0.0,0.0,0.0,0.0,0.0,1.0,0.0,0.0,0.0,0.0,0.0,0.0,0.0,0.0,0.0,0.0,0.0,-0.5,0.5,0.0,0.0,0.0,0.0,0.8100000000000005,0.0,0.0,0.0,0.0,0.0,1.0,0.0,0.0,0.0,0.0,0.0,0.0,0.0,0.0,0.0,0.0,0.0,-0.5,-0.5,0.0,0.0,0.0,0.0,0.8100000000000005,0.0,0.0,0.0,0.0,0.0,1.0,0.0,0.0,0.0,0.0,0.0,0.0,0.0,0.0,0.0,0.0,0.0,0.5,-0.5,0.0,0.0,0.0,0.0,0.8100000000000005,0.0,0.0,0.0,0.0,0.0,1.0,0.0,0.0,0.0,0.0,0.0,0.0,0.0,0.0,0.0,0.0,0.0,
0.8200000000000005,0.33620000000000017,2.6020209598076685e-18,0.0,0.0,0.0,1.740552146856093e-17,0.8200000000000005,0.0,0.0,0.0,0.0,7.105427357601013e-17,0.0,0.0,0.0,0.0,0.0,0.0,0.0,0.0,0.0,0.0,0.0,0.0,4,0.5,0.5,0.0,0.0,0.0,0.0,0.8200000000000005,0.0,0.0,0.0,0.0,0.0,1.0,0.0,0.0,0.0,0.0,0.0,0.0,0.0,0.0,0.0,0.0,0.0,-0.5,0.5,0.0,0.0,0.0,0.0,0.8200000000000005,0.0,0.0,0.0,0.0,0.0,1.0,0.0,0.0,0.0,0.0,0.0,0.0,0.0,0.0,0.0,0.0,0.0,-0.5,-0.5,0.0,0.0,0.0,0.0,0.8200000000000005,0.0,0.0,0.0,0.0,0.0,1.0,0.0,0.0,0.0,0.0,0.0,0.0,0.0,0.0,0.0,0.0,0.0,0.5,-0.5,0.0,0.0,0.0,0.0,0.8200000000000005,0.0,0.0,0.0,0.0,0.0,1.0,0.0,0.0,0.0,0.0,0.0,0.0,0.0,0.0,0.0,0.0,0.0,
0.8300000000000005,0.34445000000000014,2.7515700828928488e-18,0.0,0.0,0.0,1.8127166434567284e-17,0.8300000000000005,0.0,0.0,0.0,0.0,7.327471962526045e-17,0.0,0.0,0.0,0.0,0.0,0.0,0.0,0.0,0.0,0.0,0.0,0.0,4,0.5,0.5,0.0,0.0,0.0,0.0,0.8300000000000005,0.0,0.0,0.0,0.0,0.0,1.0,0.0,0.0,0.0,0.0,0.0,0.0,0.0,0.0,0.0,0.0,0.0,-0.5,0.5,0.0,0.0,0.0,0.0,0.8300000000000005,0.0,0.0,0.0,0.0,0.0,1.0,0.0,0.0,0.0,0.0,0.0,0.0,0.0,0.0,0.0,0.0,0.0,-0.5,-0.5,0.0,0.0,0.0,0.0,0.8300000000000005,0.0,0.0,0.0,0.0,0.0,1.0,0.0,0.0,0.0,0.0,0.0,0.0,0.0,0.0,0.0,0.0,0.0,0.5,-0.5,0.0,0.0,0.0,0.0,0.8300000000000005,0.0,0.0,0.0,0.0,0.0,1.0,0.0,0.0,0.0,0.0,0.0,0.0,0.0,0.0,0.0,0.0,0.0,
0.8400000000000005,0.35280000000000017,2.906825474768846e-18,0.0,0.0,0.0,1.859346010490985e-17,0.8400000000000005,0.0,0.0,0.0,0.0,1.9984014443252934e-17,0.0,0.0,0.0,0.0,0.0,0.0,0.0,0.0,0.0,0.0,0.0,0.0,4,0.5,0.5,0.0,0.0,0.0,0.0,0.8400000000000005,0.0,0.0,0.0,0.0,0.0,1.0,0.0,0.0,0.0,0.0,0.0,0.0,0.0,0.0,0.0,0.0,0.0,-0.5,0.5,0.0,0.0,0.0,0.0,0.8400000000000005,0.0,0.0,0.0,0.0,0.0,1.0,0.0,0.0,0.0,0.0,0.0,0.0,0.0,0.0,0.0,0.0,0.0,-0.5,-0.5,0.0,0.0,0.0,0.0,0.8400000000000005,0.0,0.0,0.0,0.0,0.0,1.0,0.0,0.0,0.0,0.0,0.0,0.0,0.0,0.0,0.0,0.0,0.0,0.5,-0.5,0.0,0.0,0.0,0.0,0.8400000000000005,0.0,0.0,0.0,0.0,0.0,1.0,0.0,0.0,0.0,0.0,0.0,0.0,0.0,0.0,0.0,0.0,0.0,
0.8500000000000005,0.3612500000000002,3.06572267572137e-18,0.0,0.0,0.0,1.8804402479588632e-17,0.8500000000000005,0.0,0.0,0.0,0.0,2.220446049250325e-17,0.0,0.0,0.0,0.0,0.0,0.0,0.0,0.0,0.0,0.0,0.0,0.0,4,0.5,0.5,0.0,0.0,0.0,0.0,0.8500000000000005,0.0,0.0,0.0,0.0,0.0,1.0,0.0,0.0,0.0,0.0,0.0,0.0,0.0,0.0,0.0,0.0,0.0,-0.5,0.5,0.0,0.0,0.0,0.0,0.8500000000000005,0.0,0.0,0.0,0.0,0.0,1.0,0.0,0.0,0.0,0.0,0.0,0.0,0.0,0.0,0.0,0.0,0.0,-0.5,-0.5,0.0,0.0,0.0,0.0,0.8500000000000005,0.0,0.0,0.0,0.0,0.0,1.0,0.0,0.0,0.0,0.0,0.0,0.0,0.0,0.0,0.0,0.0,0.0,0.5,-0.5,0.0,0.0,0.0,0.0,0.8500000000000005,0.0,0.0,0.0,0.0,0.0,1.0,0.0,0.0,0.0,0.0,0.0,0.0,0.0,0.0,0.0,0.0,0.0,
0.8600000000000005,0.3698000000000002,3.2284937223625677e-18,0.0,0.0,0.0,1.9037549314759917e-17,0.8600000000000005,0.0,0.0,0.0,0.0,2.4424906541753564e-17,0.0,0.0,0.0,0.0,0.0,0.0,0.0,0.0,0.0,0.0,0.0,0.0,4,0.5,0.5,0.0,0.0,0.0,0.0,0.8600000000000005,0.0,0.0,0.0,0.0,0.0,1.0,0.0,0.0,0.0,0.0,0.0,0.0,0.0,0.0,0.0,0.0,0.0,-0.5,0.5,0.0,0.0,0.0,0.0,0.8600000000000005,0.0,0.0,0.0,0.0,0.0,1.0,0.0,0.0,0.0,0.0,0.0,0.0,0.0,0.0,0.0,0.0,0.0,-0.5,-0.5,0.0,0.0,0.0,0.0,0.8600000000000005,0.0,0.0,0.0,0.0,0.0,1.0,0.0,0.0,0.0,0.0,0.0,0.0,0.0,0.0,0.0,0.0,0.0,0.5,-0.5,0.0,0.0,0.0,0.0,0.8600000000000005,0.0,0.0,0.0,0.0,0.0,1.0,0.0,0.0,0.0,0.0,0.0,0.0,0.0,0.0,0.0,0.0,0.0,
0.8700000000000006,0.3784500000000002,3.3953773126427326e-18,0.0,0.0,0.0,1.9292900610423705e-17,0.8700000000000006,0.0,0.0,0.0,0.0,2.664535259100388e-17,0.0,0.0,0.0,0.0,0.0,0.0,0.0,0.0,0.0,0.0,0.0,0.0,4,0.5,0.5,0.0,0.0,0.0,0.0,0.8700000000000006,0.0,0.0,0.0,0.0,0.0,1.0,0.0,0.0,0.0,0.0,0.0,0.0,0.0,0.0,0.0,0.0,0.0,-0.5,0.5,0.0,0.0,0.0,0.0,0.8700000000000006,0.0,0.0,0.0,0.0,0.0,1.0,0.0,0.0,0.0,0.0,0.0,0.0,0.0,0.0,0.0,0.0,0.0,-0.5,-0.5,0.0,0.0,0.0,0.0,0.8700000000000006,0.0,0.0,0.0,0.0,0.0,1.0,0.0,0.0,0.0,0.0,0.0,0.0,0.0,0.0,0.0,0.0,0.0,0.5,-0.5,0.0,0.0,0.0,0.0,0.8700000000000006,0.0,0.0,0.0,0.0,0.0,1.0,0.0,0.0,0.0,0.0,0.0,0.0,0.0,0.0,0.0,0.0,0.0,
0.8800000000000006,0.38720000000000016,3.566618805850308e-18,0.0,0.0,0.0,1.9570456366579995e-17,0.8800000000000006,0.0,0.0,0.0,0.0,2.8865798640254194e-17,0.0,0.0,0.0,0.0,0.0,0.0,0.0,0.0,0.0,0.0,0.0,0.0,4,0.5,0.5,0.0,0.0,0.0,0.0,0.8800000000000006,0.0,0.0,0.0,0.0,0.0,1.0,0.0,0.0,0.0,0.0,0.0,0.0,0.0,0.0,0.0,0.0,0.0,-0.5,0.5,0.0,0.0,0.0,0.0,0.8800000000000006,0.0,0.0,0.0,0.0,0.0,1.0,0.0,0.0,0.0,0.0,0.0,0.0,0.0,0.0,0.0,0.0,0.0,-0.5,-0.5,0.0,0.0,0.0,0.0,0.8800000000000006,0.0,0.0,0.0,0.0,0.0,1.0,0.0,0.0,0.0,0.0,0.0,0.0,0.0,0.0,0.0,0.0,0.0,0.5,-0.5,0.0,0.0,0.0,0.0,0.8800000000000006,0.0,0.0,0.0,0.0,0.0,1.0,0.0,0.0,0.0,0.0,0.0,0.0,0.0,0.0,0.0,0.0,0.0,
0.8900000000000006,0.3960500000000002,3.742470222611883e-18,0.0,0.0,0.0,1.9870216583228788e-17,0.8900000000000006,0.0,0.0,0.0,0.0,3.108624468950451e-17,0.0,0.0,0.0,0.0,0.0,0.0,0.0,0.0,0.0,0.0,0.0,0.0,4,0.5,0.5,0.0,0.0,0.0,0.0,0.8900000000000006,0.0,0.0,0.0,0.0,0.0,1.0,0.0,0.0,0.0,0.0,0.0,0.0,0.0,0.0,0.0,0.0,0.0,-0.5,0.5,0.0,0.0,0.0,0.0,0.8900000000000006,0.0,0.0,0.0,0.0,0.0,1.0,0.0,0.0,0.0,0.0,0.0,0.0,0.0,0.0,0.0,0.0,0.0,-0.5,-0.5,0.0,0.0,0.0,0.0,0.8900000000000006,0.0,0.0,0.0,0.0,0.0,1.0,0.0,0.0,0.0,0.0,0.0,0.0,0.0,0.0,0.0,0.0,0.0,0.5,-0.5,0.0,0.0,0.0,0.0,0.8900000000000006,0.0,0.0,0.0,0.0,0.0,1.0,0.0,0.0,0.0,0.0,0.0,0.0,0.0,0.0,0.0,0.0,0.0,
0.9000000000000006,0.4050000000000002,3.9231902448921955e-18,0.0,0.0,0.0,2.0192181260370085e-17,0.9000000000000006,0.0,0.0,0.0,0.0,3.3306690738754824e-17,0.0,0.0,0.0,0.0,0.0,0.0,0.0,0.0,0.0,0.0,0.0,0.0,4,0.5,0.5,0.0,0.0,0.0,0.0,0.9000000000000006,0.0,0.0,0.0,0.0,0.0,1.0,0.0,0.0,0.0,0.0,0.0,0.0,0.0,0.0,0.0,0.0,0.0,-0.5,0.5,0.0,0.0,0.0,0.0,0.9000000000000006,0.0,0.0,0.0,0.0,0.0,1.0,0.0,0.0,0.0,0.0,0.0,0.0,0.0,0.0,0.0,0.0,0.0,-0.5,-0.5,0.0,0.0,0.0,0.0,0.9000000000000006,0.0,0.0,0.0,0.0,0.0,1.0,0.0,0.0,0.0,0.0,0.0,0.0,0.0,0.0,0.0,0.0,0.0,0.5,-0.5,0.0,0.0,0.0,0.0,0.9000000000000006,0.0,0.0,0.0,0.0,0.0,1.0,0.0,0.0,0.0,0.0,0.0,0.0,0.0,0.0,0.0,0.0,0.0,
0.9100000000000006,0.4140500000000002,4.1090442159941306e-18,0.0,0.0,0.0,2.0536350398003886e-17,0.9100000000000006,0.0,0.0,0.0,0.0,3.552713678800514e-17,0.0,0.0,0.0,0.0,0.0,0.0,0.0,0.0,0.0,0.0,0.0,0.0,4,0.5,0.5,0.0,0.0,0.0,0.0,0.9100000000000006,0.0,0.0,0.0,0.0,0.0,1.0,0.0,0.0,0.0,0.0,0.0,0.0,0.0,0.0,0.0,0.0,0.0,-0.5,0.5,0.0,0.0,0.0,0.0,0.9100000000000006,0.0,0.0,0.0,0.0,0.0,1.0,0.0,0.0,0.0,0.0,0.0,0.0,0.0,0.0,0.0,0.0,0.0,-0.5,-0.5,0.0,0.0,0.0,0.0,0.9100000000000006,0.0,0.0,0.0,0.0,0.0,1.0,0.0,0.0,0.0,0.0,0.0,0.0,0.0,0.0,0.0,0.0,0.0,0.5,-0.5,0.0,0.0,0.0,0.0,0.9100000000000006,0.0,0.0,0.0,0.0,0.0,1.0,0.0,0.0,0.0,0.0,0.0,0.0,0.0,0.0,0.0,0.0,0.0,
0.9200000000000006,0.4232000000000002,4.300304140558722e-18,0.0,0.0,0.0,2.090272399613019e-17,0.9200000000000006,0.0,0.0,0.0,0.0,3.7747582837255455e-17,0.0,0.0,0.0,0.0,0.0,0.0,0.0,0.0,0.0,0.0,0.0,0.0,4,0.5,0.5,0.0,0.0,0.0,0.0,0.9200000000000006,0.0,0.0,0.0,0.0,0.0,1.0,0.0,0.0,0.0,0.0,0.0,0.0,0.0,0.0,0.0,0.0,0.0,-0.5,0.5,0.0,0.0,0.0,0.0,0.9200000000000006,0.0,0.0,0.0,0.0,0.0,1.0,0.0,0.0,0.0,0.0,0.0,0.0,0.0,0.0,0.0,0.0,0.0,-0.5,-0.5,0.0,0.0,0.0,0.0,0.9200000000000006,0.0,0.0,0.0,0.0,0.0,1.0,0.0,0.0,0.0,0.0,0.0,0.0,0.0,0.0,0.0,0.0,0.0,0.5,-0.5,0.0,0.0,0.0,0.0,0.9200000000000006,0.0,0.0,0.0,0.0,0.0,1.0,0.0,0.0,0.0,0.0,0.0,0.0,0.0,0.0,0.0,0.0,0.0,
0.9300000000000006,0.43245000000000017,4.49724868456515e-18,0.0,0.0,0.0,2.1291302054748995e-17,0.9300000000000006,0.0,0.0,0.0,0.0,3.996802888650577e-17,0.0,0.0,0.0,0.0,0.0,0.0,0.0,0.0,0.0,0.0,0.0,0.0,4,0.5,0.5,0.0,0.0,0.0,0.0,0.9300000000000006,0.0,0.0,0.0,0.0,0.0,1.0,0.0,0.0,0.0,0.0,0.0,0.0,0.0,0.0,0.0,0.0,0.0,-0.5,0.5,0.0,0.0,0.0,0.0,0.9300000000000006,0.0,0.0,0.0,0.0,0.0,1.0,0.0,0.0,0.0,0.0,0.0,0.0,0.0,0.0,0.0,0.0,0.0,-0.5,-0.5,0.0,0.0,0.0,0.0,0.9300000000000006,0.0,0.0,0.0,0.0,0.0,1.0,0.0,0.0,0.0,0.0,0.0,0.0,0.0,0.0,0.0,0.0,0.0,0.5,-0.5,0.0,0.0,0.0,0.0,0.9300000000000006,0.0,0.0,0.0,0.0,0.0,1.0,0.0,0.0,0.0,0.0,0.0,0.0,0.0,0.0,0.0,0.0,0.0,
0.9400000000000006,0.4418000000000002,4.700163175330744e-18,0.0,0.0,0.0,2.1702084573860304e-17,0.9400000000000006,0.0,0.0,0.0,0.0,4.2188474935756085e-17,0.0,0.0,0.0,0.0,0.0,0.0,0.0,0.0,0.0,0.0,0.0,0.0,4,0.5,0.5,0.0,0.0,0.0,0.0,0.9400000000000006,0.0,0.0,0.0,0.0,0.0,1.0,0.0,0.0,0.0,0.0,0.0,0.0,0.0,0.0,0.0,0.0,0.0,-0.5,0.5,0.0,0.0,0.0,0.0,0.9400000000000006,0.0,0.0,0.0,0.0,0.0,1.0,0.0,0.0,0.0,0.0,0.0,0.0,0.0,0.0,0.0,0.0,0.0,-0.5,-0.5,0.0,0.0,0.0,0.0,0.9400000000000006,0.0,0.0,0.0,0.0,0.0,1.0,0.0,0.0,0.0,0.0,0.0,0.0,0.0,0.0,0.0,0.0,0.0,0.5,-0.5,0.0,0.0,0.0,0.0,0.9400000000000006,0.0,0.0,0.0,0.0,0.0,1.0,0.0,0.0,0.0,0.0,0.0,0.0,0.0,0.0,0.0,0.0,0.0,
0.9500000000000006,0.4512500000000002,4.909339601510981e-18,0.0,0.0,0.0,2.2135071553464117e-17,0.9500000000000006,0.0,0.0,0.0,0.0,4.44089209850064e-17,0.0,0.0,0.0,0.0,0.0,0.0,0.0,0.0,0.0,0.0,0.0,0.0,4,0.5,0.5,0.0,0.0,0.0,0.0,0.9500000000000006,0.0,0.0,0.0,0.0,0.0,1.0,0.0,0.0,0.0,0.0,0.0,0.0,0.0,0.0,0.0,0.0,0.0,-0.5,0.5,0.0,0.0,0.0,0.0,0.9500000000000006,0.0,0.0,0.0,0.0,0.0,1.0,0.0,0.0,0.0,0.0,0.0,0.0,0.0,0.0,0.0,0.0,0.0,-0.5,-0.5,0.0,0.0,0.0,0.0,0.9500000000000006,0.0,0.0,0.0,0.0,0.0,1.0,0.0,0.0,0.0,0.0,0.0,0.0,0.0,0.0,0.0,0.0,0.0,0.5,-0.5,0.0,0.0,0.0,0.0,0.9500000000000006,0.0,0.0,0.0,0.0,0.0,1.0,0.0,0.0,0.0,0.0,0.0,0.0,0.0,0.0,0.0,0.0,0.0,
0.9600000000000006,0.4608000000000002,5.125076613099483e-18,0.0,0.0,0.0,2.2590262993560433e-17,0.9600000000000006,0.0,0.0,0.0,0.0,4.6629367034256715e-17,0.0,0.0,0.0,0.0,0.0,0.0,0.0,0.0,0.0,0.0,0.0,0.0,4,0.5,0.5,0.0,0.0,0.0,0.0,0.9600000000000006,0.0,0.0,0.0,0.0,0.0,1.0,0.0,0.0,0.0,0.0,0.0,0.0,0.0,0.0,0.0,0.0,0.0,-0.5,0.5,0.0,0.0,0.0,0.0,0.9600000000000006,0.0,0.0,0.0,0.0,0.0,1.0,0.0,0.0,0.0,0.0,0.0,0.0,0.0,0.0,0.0,0.0,0.0,-0.5,-0.5,0.0,0.0,0.0,0.0,0.9600000000000006,0.0,0.0,0.0,0.0,0.0,1.0,0.0,0.0,0.0,0.0,0.0,0.0,0.0,0.0,0.0,0.0,0.0,0.5,-0.5,0.0,0.0,0.0,0.0,0.9600000000000006,0.0,0.0,0.0,0.0,0.0,1.0,0.0,0.0,0.0,0.0,0.0,0.0,0.0,0.0,0.0,0.0,0.0,
0.9700000000000006,0.4704500000000002,5.347679521428023e-18,0.0,0.0,0.0,2.3067658894149253e-17,0.9700000000000006,0.0,0.0,0.0,0.0,4.884981308350703e-17,0.0,0.0,0.0,0.0,0.0,0.0,0.0,0.0,0.0,0.0,0.0,0.0,4,0.5,0.5,0.0,0.0,0.0,0.0,0.9700000000000006,0.0,0.0,0.0,0.0,0.0,1.0,0.0,0.0,0.0,0.0,0.0,0.0,0.0,0.0,0.0,0.0,0.0,-0.5,0.5,0.0,0.0,0.0,0.0,0.9700000000000006,0.0,0.0,0.0,0.0,0.0,1.0,0.0,0.0,0.0,0.0,0.0,0.0,0.0,0.0,0.0,0.0,0.0,-0.5,-0.5,0.0,0.0,0.0,0.0,0.9700000000000006,0.0,0.0,0.0,0.0,0.0,1.0,0.0,0.0,0.0,0.0,0.0,0.0,0.0,0.0,0.0,0.0,0.0,0.5,-0.5,0.0,0.0,0.0,0.0,0.9700000000000006,0.0,0.0,0.0,0.0,0.0,1.0,0.0,0.0,0.0,0.0,0.0,0.0,0.0,0.0,0.0,0.0,0.0,
0.9800000000000006,0.4802000000000002,5.577460299166521e-18,0.0,0.0,0.0,2.3567259255230574e-17,0.9800000000000006,0.0,0.0,0.0,0.0,5.1070259132757345e-17,0.0,0.0,0.0,0.0,0.0,0.0,0.0,0.0,0.0,0.0,0.0,0.0,4,0.5,0.5,0.0,0.0,0.0,0.0,0.9800000000000006,0.0,0.0,0.0,0.0,0.0,1.0,0.0,0.0,0.0,0.0,0.0,0.0,0.0,0.0,0.0,0.0,0.0,-0.5,0.5,0.0,0.0,0.0,0.0,0.9800000000000006,0.0,0.0,0.0,0.0,0.0,1.0,0.0,0.0,0.0,0.0,0.0,0.0,0.0,0.0,0.0,0.0,0.0,-0.5,-0.5,0.0,0.0,0.0,0.0,0.9800000000000006,0.0,0.0,0.0,0.0,0.0,1.0,0.0,0.0,0.0,0.0,0.0,0.0,0.0,0.0,0.0,0.0,0.0,0.5,-0.5,0.0,0.0,0.0,0.0,0.9800000000000006,0.0,0.0,0.0,0.0,0.0,1.0,0.0,0.0,0.0,0.0,0.0,0.0,0.0,0.0,0.0,0.0,0.0,
0.9900000000000007,0.4900500000000002,5.814737580323045e-18,0.0,0.0,0.0,2.40890640768044e-17,0.9900000000000007,0.0,0.0,0.0,0.0,5.329070518200766e-17,0.0,0.0,0.0,0.0,0.0,0.0,0.0,0.0,0.0,0.0,0.0,0.0,4,0.5,0.5,0.0,0.0,0.0,0.0,0.9900000000000007,0.0,0.0,0.0,0.0,0.0,1.0,0.0,0.0,0.0,0.0,0.0,0.0,0.0,0.0,0.0,0.0,0.0,-0.5,0.5,0.0,0.0,0.0,0.0,0.9900000000000007,0.0,0.0,0.0,0.0,0.0,1.0,0.0,0.0,0.0,0.0,0.0,0.0,0.0,0.0,0.0,0.0,0.0,-0.5,-0.5,0.0,0.0,0.0,0.0,0.9900000000000007,0.0,0.0,0.0,0.0,0.0,1.0,0.0,0.0,0.0,0.0,0.0,0.0,0.0,0.0,0.0,0.0,0.0,0.5,-0.5,0.0,0.0,0.0,0.0,0.9900000000000007,0.0,0.0,0.0,0.0,0.0,1.0,0.0,0.0,0.0,0.0,0.0,0.0,0.0,0.0,0.0,0.0,0.0,
1.0000000000000007,0.5000000000000002,6.059836660243809e-18,0.0,0.0,0.0,2.4633073358870727e-17,1.0,0.0,0.0,0.0,0.0,5.551115123125783e-17,0.0,0.0,0.0,0.0,0.0,0.0,0.0,0.0,0.0,0.0,0.0,0.0,4,0.5,0.5,0.0,0.0,0.0,0.0,1.0,0.0,0.0,0.0,0.0,0.0,1.0,0.0,0.0,0.0,0.0,0.0,0.0,0.0,0.0,0.0,0.0,0.0,-0.5,0.5,0.0,0.0,0.0,0.0,1.0,0.0,0.0,0.0,0.0,0.0,1.0,0.0,0.0,0.0,0.0,0.0,0.0,0.0,0.0,0.0,0.0,0.0,-0.5,-0.5,0.0,0.0,0.0,0.0,1.0,0.0,0.0,0.0,0.0,0.0,1.0,0.0,0.0,0.0,0.0,0.0,0.0,0.0,0.0,0.0,0.0,0.0,0.5,-0.5,0.0,0.0,0.0,0.0,1.0,0.0,0.0,0.0,0.0,0.0,1.0,0.0,0.0,0.0,0.0,0.0,0.0,0.0,0.0,0.0,0.0,0.0,
